GKA,AYGA
MAG,AYMD
HGU,AYMH
LAE,AYNZ
POM,AYPY
WWK,AYWK
UAK,BGBW
GOH,BGGH
SFJ,BGSF
THU,BGTL
AEY,BIAR
EGS,BIEG
HFN,BIHN
HZK,BIHU
IFJ,BIIS
KEF,BIKF
PFJ,BIPA
RKV,BIRK
SIJ,BISI
VEY,BIVM
YAM,CYAM
YAV,CYAV
YAW,CYAW
YAY,CYAY
YAZ,CYAZ
YBB,CYBB
YBC,CYBC
YBG,CYBG
YBK,CYBK
YBL,CYBL
YBR,CYBR
YCB,CYCB
YCD,CYCD
YCG,CYCG
YCH,CYCH
YCL,CYCL
YCO,CYCO
YCT,CYCT
YCW,CYCW
YCY,CYCY
YZS,CYZS
YDA,CYDA
YDB,CYDB
YDC,CYDC
YDF,CYDF
YDL,CYDL
YDN,CYDN
YDQ,CYDQ
YEG,CYEG
YEK,CYEK
YEN,CYEN
YET,CYET
YEU,CYEU
YEV,CYEV
YFB,CYFB
YFC,CYFC
\N,CYFE
YFO,CYFO
YFR,CYFR
YFS,CYFS
YGK,CYGK
YGL,CYGL
YGP,CYGP
YGQ,CYGQ
YGR,CYGR
YHB,CYHB
YHD,CYHD
YHI,CYHI
YHK,CYHK
YHM,CYHM
YHU,CYHU
YHY,CYHY
YHZ,CYHZ
YIB,CYIB
YIO,CYIO
YJN,CYJN
YJT,CYJT
YKA,CYKA
YKF,CYKF
YKL,CYKL
YKY,CYKY
YKZ,CYKZ
YLD,CYLD
YLJ,CYLJ
YLL,CYLL
YLT,CYLT
YLW,CYLW
YMA,CYMA
YMJ,CYMJ
YMM,CYMM
YMO,CYMO
YMW,CYMW
YMX,CYMX
YNA,CYNA
YND,CYND
YNM,CYNM
YOC,CYOC
YOD,CYOD
YOJ,CYOJ
YOW,CYOW
YPA,CYPA
YPE,CYPE
YPG,CYPG
\N,CYPK
YPL,CYPL
YPN,CYPN
YPQ,CYPQ
YPR,CYPR
YPY,CYPY
YQA,CYQA
YQB,CYQB
YQF,CYQF
YQG,CYQG
YQH,CYQH
YQK,CYQK
YQL,CYQL
YQM,CYQM
YQQ,CYQQ
YQR,CYQR
YQT,CYQT
YQU,CYQU
YQV,CYQV
YQW,CYQW
YQX,CYQX
YQY,CYQY
YQZ,CYQZ
YRB,CYRB
YRI,CYRI
YRJ,CYRJ
YRM,CYRM
YRT,CYRT
YSB,CYSB
YSC,CYSC
YSJ,CYSJ
YSM,CYSM
YSR,CYSR
YSU,CYSU
YSY,CYSY
YTE,CYTE
YTH,CYTH
YTR,CYTR
YTS,CYTS
YTZ,CYTZ
YUB,CYUB
YUL,CYUL
YUT,CYUT
YUX,CYUX
YUY,CYUY
YVC,CYVC
YVG,CYVG
YVM,CYVM
YVO,CYVO
YVP,CYVP
YVQ,CYVQ
YVR,CYVR
YVT,CYVT
YVV,CYVV
YWA,CYWA
YWG,CYWG
YWK,CYWK
YWL,CYWL
YWY,CYWY
YXC,CYXC
YXD,CYXD
YXE,CYXE
YXH,CYXH
YXJ,CYXJ
YXL,CYXL
YXP,CYXP
YXR,CYXR
YXS,CYXS
YXT,CYXT
YXU,CYXU
YXX,CYXX
YXY,CYXY
YYB,CYYB
YYC,CYYC
YYD,CYYD
YYE,CYYE
YYF,CYYF
YYG,CYYG
YYH,CYYH
YYJ,CYYJ
YYL,CYYL
YYN,CYYN
YYQ,CYYQ
YYR,CYYR
YYT,CYYT
YYU,CYYU
YYW,CYYW
YYY,CYYY
YYZ,CYYZ
YZD,CYZD
YZE,CYZE
YZF,CYZF
YZH,CYZH
YZP,CYZP
YZR,CYZR
YZT,CYZT
YZU,CYZU
YZV,CYZV
YZW,CYZW
YZX,CYZX
ZFA,CZFA
ZFM,CZFM
\N,DAAB
\N,DAAD
BJA,DAAE
ALG,DAAG
DJG,DAAJ
QFD,DAAK
\N,DAAN
VVZ,DAAP
\N,DAAQ
TMR,DAAT
GJL,DAAV
\N,DAAY
\N,DAAZ
AAE,DABB
CZL,DABC
TEE,DABS
HRM,DAFH
TID,DAOB
\N,DAOE
TIN,DAOF
QAS,DAOI
TAF,DAOL
TLM,DAON
ORN,DAOO
\N,DAOS
MUW,DAOV
AZR,DAUA
BSK,DAUB
ELG,DAUE
GHA,DAUG
HME,DAUH
INZ,DAUI
TGR,DAUK
LOO,DAUL
TMX,DAUT
OGX,DAUU
IAM,DAUZ
COO,DBBB
OUA,DFFD
BOY,DFOO
ACC,DGAA
TML,DGLE
\N,DGLW
NYI,DGSN
TKD,DGTK
ABJ,DIAP
BYK,DIBK
DJO,DIDL
HGO,DIKO
MJC,DIMN
SPY,DISP
ASK,DIYO
ABV,DNAA
AKR,DNAK
BNI,DNBE
CBQ,DNCA
ENU,DNEN
QUS,DNGU
IBA,DNIB
ILR,DNIL
JOS,DNJO
KAD,DNKA
KAN,DNKN
MIU,DNMA
MDI,DNMK
LOS,DNMM
MXJ,DNMN
PHC,DNPO
SKO,DNSO
YOL,DNYO
ZAR,DNZA
MFQ,DRRM
NIM,DRRN
THZ,DRRT
AJY,DRZA
\N,DRZD
\N,DRZF
ZND,DRZR
MIR,DTMB
TUN,DTTA
\N,DTTB
\N,DTTD
GAF,DTTF
GAE,DTTG
\N,DTTI
DJE,DTTJ
EBM,DTTR
SFA,DTTX
TOE,DTTZ
LRL,DXNG
LFW,DXXX
ANR,EBAW
\N,EBBE
\N,EBBL
BRU,EBBR
\N,EBBX
CRL,EBCI
\N,EBCV
\N,EBFN
\N,EBFS
QKT,EBKT
LGG,EBLG
OST,EBOS
\N,EBSL
\N,EBST
\N,EBSU
\N,EBUL
\N,EBWE
\N,EBZR
\N,EDAB
AOC,EDAC
\N,EDAD
\N,EDAE
\N,EDAK
\N,EDAM
\N,EDAQ
\N,EDAU
\N,EDAX
\N,EDAY
\N,EDAZ
BBH,EDBH
\N,EDBJ
\N,EDBK
Germany,\N
\N,EDBR
\N,EDCA
\N,EDCD
\N,EDCM
SXF,EDDB
DRS,EDDC
ERF,EDDE
FRA,EDDF
FMO,EDDG
HAM,EDDH
THF,EDDI
CGN,EDDK
DUS,EDDL
MUC,EDDM
NUE,EDDN
LEJ,EDDP
SCN,EDDR
STR,EDDS
TXL,EDDT
HAJ,EDDV
BRE,EDDW
QEF,EDFE
HHN,EDFH
MHG,EDFM
\N,EDFQ
\N,EDFV
\N,EDFZ
\N,EDGE
\N,EDGS
XFW,EDHI
KEL,EDHK
LBC,EDHL
\N,EDKV
\N,EDKZ
ZCA,EDLA
ESS,EDLE
\N,EDLI
MGL,EDLN
PAD,EDLP
\N,EDLS
DTM,EDLW
AGB,EDMA
\N,EDMB
\N,EDME
\N,EDMN
OBF,EDMO
RBM,EDMS
\N,EDMV
\N,EDNL
FDH,EDNY
SZW,EDOP
ZSN,EDOV
\N,EDPA
BYU,EDQD
\N,EDQE
HOQ,EDQM
\N,EDQT
ZNV,EDRK
ZQF,EDRT
ZQC,EDRY
ZQW,EDRZ
ZQL,EDTD
\N,EDTF
\N,EDTM
\N,EDTY
\N,EDUS
BWE,EDVE
KSF,EDVK
\N,EDVM
BRV,EDWB
EME,EDWE
\N,EDWF
WVN,EDWI
BMK,EDWR
NRD,EDWY
FLF,EDXF
\N,EDXR
GWT,EDXW
\N,EEEI
KDL,EEKA
URE,EEKE
EPU,EEPU
TLL,EETN
TAY,EETU
ENF,EFET
\N,EFEU
KEV,EFHA
HEM,EFHF
HEL,EFHK
\N,EFHM
\N,EFHN
HYV,EFHV
\N,EFIK
\N,EFIM
\N,EFIT
IVL,EFIV
JOE,EFJO
JYV,EFJY
KAU,EFKA
KEM,EFKE
KAJ,EFKI
\N,EFKJ
KOK,EFKK
\N,EFKM
KAO,EFKS
KTT,EFKT
KUO,EFKU
\N,EFLA
LPP,EFLP
MHQ,EFMA
\N,EFME
MIK,EFMI
\N,EFNU
OUL,EFOU
\N,EFPI
POR,EFPO
\N,EFPU
\N,EFPY
\N,EFRH
\N,EFRN
RVN,EFRO
\N,EFRY
SVL,EFSA
\N,EFSE
SOT,EFSO
TMP,EFTP
\N,EFTS
TKU,EFTU
QVY,EFUT
VAA,EFVA
VRK,EFVR
\N,EFYL
BFS,EGAA
ENK,EGAB
BHD,EGAC
LDY,EGAE
BHX,EGBB
CVT,EGBE
\N,EGBG
GLO,EGBJ
\N,EGBO
\N,EGBP
\N,EGBT
\N,EGBW
MAN,EGCC
\N,EGCD
\N,EGDC
NQY,EGHQ
LYE,EGDL
\N,EGDM
\N,EGDR
\N,EGDX
YEO,EGDY
\N,EGFE
CWL,EGFF
SWS,EGFH
BRS,EGGD
LPL,EGGP
LTN,EGGW
PLH,EGHD
BOH,EGHH
SOU,EGHI
QLA,EGHL
ACI,EGJA
GCI,EGJB
JER,EGJJ
ESH,EGKA
BQH,EGKB
LGW,EGKK
LCY,EGLC
FAB,EGLF
\N,EGLJ
BBS,EGLK
LHR,EGLL
SEN,EGMC
LYX,EGMD
MSE,EGMH
\N,EGNB
CAX,EGNC
\N,EGNE
BLK,EGNH
HUY,EGNJ
BWF,EGNL
LBA,EGNM
\N,EGNO
CEG,EGNR
IOM,EGNS
NCL,EGNT
MME,EGNV
EMA,EGNX
\N,EGOD
\N,EGOE
\N,EGOS
\N,EGOW
KOI,EGPA
LSI,EGPB
WIC,EGPC
ABZ,EGPD
INV,EGPE
GLA,EGPF
EDI,EGPH
ILY,EGPI
PIK,EGPK
BEB,EGPL
SCS,EGPM
DND,EGPN
SYY,EGPO
TRE,EGPU
ADX,EGQL
LMO,EGQS
CBG,EGSC
\N,EGSF
NWI,EGSH
STN,EGSS
\N,EGSX
\N,EGSY
\N,EGTC
EXT,EGTE
FZO,EGTG
OXF,EGTK
\N,EGUB
\N,EGUL
MHZ,EGUN
\N,EGUW
\N,EGUY
FFD,EGVA
BZZ,EGVN
ODH,EGVO
\N,EGWC
NHT,EGWU
QCY,EGXC
\N,EGXD
\N,EGXE
\N,EGXG
BEQ,EGXH
\N,EGXJ
\N,EGXP
\N,EGXT
HRT,EGXU
WTN,EGXW
\N,EGXZ
\N,EGYD
\N,EGYE
KNF,EGYM
MPN,EGYP
AMS,EHAM
\N,EHBD
MST,EHBK
\N,EHDL
\N,EHDR
EIN,EHEH
GRQ,EHGG
\N,EHGR
DHR,EHKD
LEY,EHLE
LWR,EHLW
RTM,EHRD
UTC,EHSB
ENS,EHTW
LID,EHVB
WOE,EHWO
ORK,EICK
GWY,EICM
DUB,EIDW
NOC,EIKN
KIR,EIKY
\N,EIME
SNN,EINN
SXL,EISG
WAT,EIWF
AAR,EKAH
BLL,EKBI
CPH,EKCH
EBJ,EKEB
\N,EKGH
KRP,EKKA
\N,EKLS
\N,EKMB
ODE,EKOD
\N,EKPB
RKE,EKRK
RNN,EKRN
SGD,EKSB
SKS,EKSP
\N,EKSV
TED,EKTS
\N,EKVD
FAE,EKVG
\N,EKVH
STA,EKVJ
AAL,EKYT
LUX,ELLX
AES,ENAL
ANX,ENAN
ALF,ENAT
\N,ENBM
BNN,ENBN
BOO,ENBO
BGO,ENBR
BJF,ENBS
KRS,ENCN
\N,ENDI
BDU,ENDU
EVE,ENEV
VDB,ENFG
FRO,ENFL
OSL,ENGM
HAU,ENHD
HAA,ENHK
KSU,ENKB
\N,ENKJ
KKN,ENKR
FAN,ENLI
MOL,ENML
MJF,ENMS
LKL,ENNA
NTB,ENNO
OLA,ENOL
RRS,ENRO
RYG,ENRY
LYR,ENSB
SKE,ENSN
SRP,ENSO
SSJ,ENST
TOS,ENTC
TRF,ENTO
TRD,ENVA
SVG,ENZV
\N,EPBC
GDN,EPGD
KRK,EPKK
\N,EPKM
KTW,EPKT
\N,EPML
POZ,EPPO
RZE,EPRZ
Poland,SZZ
OSP,EPSK
\N,EPSN
WAW,EPWA
WRO,EPWR
IEG,EPZG
\N,ESCF
\N,ESCK
\N,ESCM
RNB,ESDF
\N,ESFR
GOT,ESGG
JKG,ESGJ
\N,ESGK
LDK,ESGL
GSE,ESGP
KVB,ESGR
THN,ESGT
\N,ESIA
\N,ESIB
\N,ESKB
KSK,ESKK
MXX,ESKM
NYO,ESKN
\N,ESKV
\N,ESMA
\N,ESMG
KID,ESMK
JLD,ESML
OSK,ESMO
\N,ESMP
KLR,ESMQ
MMX,ESMS
HAD,ESMT
\N,ESMV
VXO,ESMX
\N,ESNA
\N,ESNC
EVG,ESND
GEV,ESNG
HUV,ESNH
\N,ESNJ
KRF,ESNK
LYC,ESNL
\N,ESNM
SDL,ESNN
OER,ESNO
\N,ESNP
KRN,ESNQ
\N,ESNR
SFT,ESNS
\N,ESNT
UME,ESNU
VHM,ESNV
AJR,ESNX
ORB,ESOE
VST,ESOW
LLA,ESPA
\N,ESPE
\N,ESQO
ARN,ESSA
BMA,ESSB
BLE,ESSD
HLF,ESSF
GVX,ESSK
LPI,ESSL
NRK,ESSP
\N,ESSU
VBY,ESSV
\N,ESUK
SPM,ETAD
RMS,ETAR
GHF,ETEU
\N,ETHB
ZCN,ETHC
\N,ETHE
\N,ETHF
\N,ETHL
\N,ETHM
\N,ETHN
\N,ETHR
\N,ETHS
\N,ETIC
ZNF,ETID
\N,ETIH
\N,ETIN
\N,ETMN
\N,ETND
GKE,ETNG
\N,ETNH
\N,ETNJ
RLG,ETNL
\N,ETNN
\N,ETNS
\N,ETNT
\N,ETNW
\N,ETOI
\N,ETOR
\N,ETOU
\N,ETSA
\N,ETSB
\N,ETSE
FEL,ETSF
\N,ETSH
IGS,ETSI
\N,ETSL
\N,ETSN
GUT,ETUO
ALJ,FAAB
AGZ,FAAG
\N,FABB
BIY,FABE
BFN,FABL
\N,FABM
\N,FABO
CPT,FACT
\N,FACV
DUR,FALE
ELS,FAEL
\N,FAEO
\N,FAFB
GCJ,FAGC
GRJ,FAGG
\N,FAGR
\N,FAGT
\N,FAGY
\N,FAHA
\N,FAHR
HDS,FAHS
\N,FAHV
JNB,FAJS
\N,FAKD
KIM,FAKM
\N,FAKR
\N,FAKS
KMH,FAKU
KLZ,FAKZ
HLA,FALA
\N,FALI
\N,FALM
\N,FALW
LAY,FALY
\N,FAMB
MGH,FAMG
\N,FAMI
\N,FAMJ
\N,FAMN
MEZ,FAMS
\N,FAMU
NCS,FANC
\N,FANY
\N,FAOB
DUH,FAOH
PLZ,FAPE
\N,FAPG
PHW,FAPH
\N,FAPI
\N,FAPJ
PZB,FAPM
NTY,FAPN
PTG,FAPP
\N,FAPS
\N,FAPY
UTW,FAQT
RCB,FARB
\N,FARG
ROD,FARS
SBU,FASB
\N,FASC
\N,FASD
\N,FASI
\N,FASK
SIS,FASS
\N,FASX
SZK,FASZ
\N,FATF
\N,FATP
\N,FATT
LTA,FATZ
ULD,FAUL
UTN,FAUP
UTT,FAUT
VRU,FAVB
VIR,FAVG
\N,FAVR
\N,FAVV
PRY,FAWB
\N,FAWI
\N,FAWK
WEL,FAWM
\N,FAYP
\N,FAZR
FRW,FBFT
JWA,FBJW
BBK,FBKE
MUB,FBMN
GBE,FBSK
PKW,FBSP
BZV,FCBB
FTX,FCOO
OUE,FCOU
PNR,FCPP
MTS,FDMS
BGF,FEFF
BBT,FEFT
BSG,FGBT
SSG,FGSL
ASI,FHAW
MRU,FIMP
RRG,FIMR
\N,FJDG
TKC,FKKC
DLA,FKKD
MVR,FKKL
FOM,FKKM
NGE,FKKN
GOU,FKKR
BFX,FKKU
BPC,FKKV
YAO,FKKY
\N,FLKE
LVI,FLLI
LUN,FLLS
MFU,FLMF
\N,FLMG
NLA,FLND
KIW,FLSO
HAH,FMCH
NWA,FMCI
AJN,FMCV
DZA,FMCZ
RUN,FMEE
ZSE,FMEP
TNR,FMMI
ZVA,FMMN
SMS,FMMS
TMM,FMMT
MOQ,FMMV
DIE,FMNA
WMR,FMNC
ZWA,FMND
AMB,FMNE
ANM,FMNH
HVA,FMNL
MJN,FMNM
NOS,FMNN
BPY,FMNQ
WMN,FMNR
SVB,FMNS
VOH,FMNV
WAI,FMNW
IVA,FMNZ
FTU,FMSD
WFI,FMSF
RVA,FMSG
WVK,FMSK
MNJ,FMSM
MXM,FMSR
TLE,FMST
SSY,FNBC
BUG,FNBG
CAB,FNCA
NOV,FNHU
SVP,FNKU
\N,FNLB
LAD,FNLU
MEG,FNMA
SPP,FNME
GXG,FNNG
PBN,FNPA
VHC,FNSA
SZA,FNSO
SDD,FNUB
LUO,FNUE
UGO,FNUG
XGN,FNXA
OYE,FOGO
OKN,FOGQ
LBQ,FOGR
BMM,FOOB
POG,FOOG
OMB,FOOH
MKU,FOOK
LBV,FOOL
MVB,FOON
PCP,FPPR
TMS,FPST
BEW,FQBR
INH,FQIN
VXC,FQLC
\N,FQLU
MPM,FQMA
\N,FQMD
MZB,FQMP
\N,FQMR
MNC,FQNC
APL,FQNP
POL,FQPB
UEL,FQQL
\N,FQSG
TET,FQTT
\N,FQUG
VNX,FQVL
\N,FSAL
DES,FSDR
\N,FSFA
SEZ,FSIA
PRI,FSPP
\N,FSSC
AEH,FTTC
MQQ,FTTD
NDJ,FTTJ
FYT,FTTY
BUQ,FVBU
\N,FVCP
BFO,FVCZ
VFA,FVFA
HRE,FVHA
KAB,FVKB
\N,FVMT
\N,FVMU
MVZ,FVMV
\N,FVSH
GWE,FVTL
WKM,FVWN
BLZ,FWCL
KGJ,FWKA
\N,FWKG
LLW,FWKI
ZZU,FWUU
MSU,FXMM
\N,FXMU
FIH,FZAA
NLO,FZAB
MNB,FZAG
\N,FZAI
FDU,FZBO
KKW,FZCA
MDK,FZEA
BDT,FZFD
GMA,FZFK
\N,FZFP
LIQ,FZGA
FKI,FZIC
IRP,FZJH
BUX,FZKA
\N,FZKJ
BKY,FZMA
GOM,FZNA
KND,FZOA
FBM,FZQA
KWZ,FZQM
FMI,FZRF
KMN,FZSA
KGA,FZUA
MJM,FZWA
BKO,GABS
GAQ,GAGO
KYS,GAKY
MZI,GAMB
TOM,GATB
\N,GATS
BJL,GBYD
FUE,GCFV
VDE,GCHI
SPC,GCLA
LPA,GCLP
ACE,GCRR
TFS,GCTS
TFN,GCXO
MLN,GEML
FNA,GFLL
\N,GGCF
MLW,GLMR
ROB,GLRB
AGA,GMAD
TTA,GMAT
FEZ,GMFF
\N,GMFI
ERH,GMFK
MEK,GMFM
OUD,GMFO
\N,GMMB
RBA,GMME
CMN,GMMN
RAK,GMMX
NNA,GMMY
OZZ,GMMZ
AHU,GMTA
TTU,GMTN
TNG,GMTT
ZIG,GOGG
CSK,GOGS
KLC,GOOK
DKR,GOOY
XLS,GOSS
BXE,GOTB
KGG,GOTK
TUD,GOTT
IEO,GQNA
TIY,GQND
KFA,GQNF
EMN,GQNI
KED,GQNK
NKC,GQNN
SEY,GQNS
ATR,GQPA
NDB,GQPP
\N,GQPT
FIG,GUFA
FAA,GUFH
LEK,GULB
SID,GVAC
BVC,GVBA
MMO,GVMA
SNE,GVSN
VXE,GVSV
ADD,HAAB
\N,HAAL
AMH,HAAM
AXU,HAAX
BJR,HABD
DIR,HADR
GMB,HAGM
GDQ,HAGN
JIM,HAJM
LLI,HALL
MQX,HAMK
ASO,HASO
BJM,HBBA
HGA,HCMH
BBO,HCMI
KMU,HCMK
ALY,HEAX
ABS,HEBL
CAI,HECA
\N,HECW
HRG,HEGN
EGR,HEGR
LXR,HELX
MUH,HEMM
PSD,HEPS
SKV,HESC
ASW,HESN
ELT,HETR
EDL,HKEL
\N,HKKG
KIS,HKKI
KTL,HKKT
LOK,HKLO
LAU,HKLU
MBA,HKMO
\N,HKNV
WIL,HKNW
\N,HKRE
WJR,HKWJ
\N,HLFL
\N,HLGL
GHT,HLGT
AKF,HLKF
BEN,HLLB
SEB,HLLS
TIP,HLLT
\N,HLMB
\N,HLNF
\N,HLON
\N,HLRA
LTD,HLTD
\N,HLZA
GYI,HRYG
KGL,HRYR
KME,HRZA
DOG,HSDN
\N,HSDZ
ELF,HSFS
KSL,HSKA
\N,HSLI
EBD,HSOB
JUB,HSSJ
MAK,HSSM
KRT,HSSS
ARK,HTAR
DAR,HTDA
DOD,HTDO
IRI,HTIR
JRO,HTKJ
LKY,HTLM
MYW,HTMT
MWZ,HTMW
PMA,HTPE
TGT,HTTG
ZNZ,HTZA
EBB,HUEN
SRT,HUSO
TIA,LATI
BOJ,LBBG
GOZ,LBGO
PDV,LBPD
SOF,LBSF
\N,LBSZ
VAR,LBWN
LCA,LCLK
PFO,LCPH
AKT,LCRA
DBV,LDDU
\N,LDOC
OSI,LDOS
PUY,LDPL
\N,LDRG
RJK,LDRI
SPU,LDSP
\N,LDVA
ZAG,LDZA
ZAD,LDZD
\N,LDZU
\N,LEAB
ALC,LEAL
LEI,LEAM
OVD,LEAS
ODB,LEBA
BIO,LEBB
BCN,LEBL
BJZ,LEBZ
LCG,LECO
\N,LEGA
GRO,LEGE
GRX,LEGR
\N,LEGT
IBZ,LEIB
XRY,LEJR
MJV,LELC
MAD,LEMD
AGP,LEMG
MAH,LEMH
OZP,LEMO
\N,LEOC
PNA,LEPP
\N,LERI
REU,LERS
\N,LERT
SLM,LESA
\N,LESB
\N,LESL
EAS,LESO
SCQ,LEST
LEU,LESU
TOJ,LETO
VLC,LEVC
VLL,LEVD
VIT,LEVT
VGO,LEVX
SDR,LEXJ
ZAZ,LEZG
SVQ,LEZL
CQF,LFAC
\N,LFAG
\N,LFAI
\N,LFAO
\N,LFAQ
LTQ,LFAT
\N,LFAV
\N,LFAY
AGF,LFBA
\N,LFBC
BOD,LFBD
EGC,LFBE
\N,LFBF
CNG,LFBG
PIS,LFBI
MCU,LFBK
LIG,LFBL
\N,LFBM
NIT,LFBN
TLS,LFBO
PUF,LFBP
\N,LFBR
LDE,LFBT
ANG,LFBU
BVE,LFSL
PGX,LFBX
BIQ,LFBZ
\N,LFCC
\N,LFCG
XAC,LFCH
LBI,LFCI
DCM,LFCK
\N,LFCL
\N,LFCM
\N,LFCQ
RDZ,LFCR
\N,LFCU
\N,LFCW
RYN,LFCY
\N,LFCZ
\N,LFDA
\N,LFDB
\N,LFDH
\N,LFDI
\N,LFDJ
\N,LFDM
RCO,LFDN
\N,LFED
\N,LFEH
\N,LFES
\N,LFFI
\N,LFFN
CMR,LFGA
\N,LFGF
DLE,LFGJ
\N,LFGK
\N,LFGW
OBS,LFHO
LPY,LFHP
\N,LFHQ
XBK,LFHS
XVF,LFHV
XMU,LFHY
\N,LFIF
\N,LFIG
ETZ,LFJL
BIA,LFKB
CLY,LFKC
FSC,LFKF
AJA,LFKJ
\N,LFKO
SOZ,LFKS
\N,LFKT
AUF,LFLA
CMF,LFLB
CFE,LFLC
BOU,LFLD
\N,LFLE
XCD,LFLH
QNJ,LFLI
LYS,LFLL
QNX,LFLM
\N,LFLN
RNE,LFLO
NCY,LFLP
GNB,LFLS
\N,LFLT
VAF,LFLU
VHY,LFLV
AUR,LFLW
Chateauroux,France
LYN,LFLY
QXB,LFMA
\N,LFMC
CEQ,LFMD
EBU,LFMH
\N,LFMI
CCF,LFMK
MRS,LFML
NCE,LFMN
\N,LFMO
PGF,LFMP
CTT,LFMQ
\N,LFMS
MPL,LFMT
BZR,LFMU
AVN,LFMV
\N,LFMY
\N,LFMZ
MEN,LFNB
\N,LFNH
\N,LFOA
BVA,LFOB
\N,LFOC
\N,LFOD
\N,LFOE
LEH,LFOH
\N,LFOI
ORE,LFOJ
XCR,LFOK
URO,LFOP
TUF,LFOT
CET,LFOU
LVA,LFOV
\N,LFOZ
LBG,LFPB
CSF,LFPC
CDG,LFPG
\N,LFPK
\N,LFPM
TNF,LFPN
ORY,LFPO
POX,LFPT
\N,LFPV
\N,LFQA
QYR,LFQB
\N,LFQC
\N,LFQE
\N,LFQF
NVS,LFQG
\N,LFQI
\N,LFQJ
\N,LFQM
\N,LFQP
LIL,LFQQ
\N,LFQT
\N,LFQV
\N,LFQW
BES,LFRB
CER,LFRC
DNR,LFRD
\N,LFRE
GFR,LFRF
DOL,LFRG
LRT,LFRH
EDM,LFRI
\N,LFRJ
CFR,LFRK
\N,LFRL
LME,LFRM
RNS,LFRN
LAI,LFRO
UIP,LFRQ
NTE,LFRS
SBK,LFRT
MXN,LFRU
VNE,LFRV
SNR,LFRZ
BSL,LFSB
\N,LFSC
DIJ,LFSD
MZM,LFSF
EPL,LFSG
\N,LFSH
\N,LFSI
\N,LFSM
ENC,LFSN
\N,LFSO
\N,LFSP
RHE,LFSR
SXB,LFST
\N,LFSX
\N,LFTF
TLN,LFTH
FNI,LFTW
MQC,LFVM
FSP,LFVP
\N,LFXA
\N,LFYD
PYR,LGAD
AGQ,LGAG
AXD,LGAL
\N,LGAX
VOL,LGBL
\N,LGEL
JKH,LGHI
IOA,LGIO
HER,LGIR
KSO,LGKA
KIT,LGKC
EFL,LGKF
KLX,LGKL
\N,LGKM
KGS,LGKO
AOK,LGKP
CFU,LGKR
KSJ,LGKS
KVA,LGKV
KZI,LGKZ
LRS,LGLE
LXS,LGLM
LRA,LGLR
\N,LGMG
JMK,LGMK
MJT,LGMT
PVK,LGPZ
\N,LGRD
RHO,LGRP
GPA,LGRX
CHQ,LGSA
JSI,LGSK
SMI,LGSM
\N,LGSP
JTR,LGSR
JSH,LGST
\N,LGSV
SKU,LGSY
\N,LGTG
\N,LGTL
\N,LGTP
SKG,LGTS
\N,LGTT
ZTH,LGZA
BUD,LHBP
DEB,LHDC
\N,LHKE
\N,LHNY
\N,LHOY
\N,LHSA
\N,LHSN
\N,LIBA
CRV,LIBC
BRI,LIBD
Foggia,Italy
Grottaglie,Italy
LCC,LIBN
PSR,LIBP
BDS,LIBR
\N,LIBV
SUF,LICA
CTA,LICC
LMP,LICD
PNL,LICG
PMO,LICJ
\N,LICP
REG,LICR
TPS,LICT
NSY,LICZ
AHO,LIEA
DCI,LIED
CAG,LIEE
OLB,LIEO
TTB,LIET
\N,LIMA
\N,LIMB
MXP,LIMC
BGY,LIME
TRN,LIMF
ALL,LIMG
GOA,LIMJ
LIN,LIML
\N,LIMN
PMF,LIMP
QPZ,LIMS
CUF,LIMZ
AVB,LIPA
BZO,LIPB
\N,LIPC
BLQ,LIPE
TSF,LIPH
\N,LIPI
FRL,LIPK
\N,LIPL
\N,LIPN
VBS,LIPO
TRS,LIPQ
RMI,LIPR
\N,LIPS
VIC,LIPT
QPA,LIPU
VRN,LIPX
VCE,LIPZ
SAY,LIQS
CIA,LIRA
\N,LIRE
FCO,LIRF
\N,LIRG
EBA,LIRJ
QLT,LIRL
\N,LIRM
NAP,LIRN
PSA,LIRP
FLR,LIRQ
GRS,LIRS
\N,LIRU
\N,LIRV
PEG,LIRZ
\N,LJCE
LJU,LJLJ
MBX,LJMB
POW,LJPZ
\N,LJSG
\N,LKCS
\N,LKCV
\N,LKHK
\N,LKHV
\N,LKKB
\N,LKKU
KLV,LKKV
\N,LKLN
\N,LKMH
OSR,LKMT
\N,LKNA
PED,LKPD
\N,LKPM
PRV,LKPO
PRG,LKPR
BRQ,LKTB
\N,LKVO
TLV,LLBG
BEV,LLBS
\N,LLEK
\N,LLES
ETH,LLET
\N,LLEY
HFA,LLHA
\N,LLHS
RPN,LLIB
\N,LLMG
\N,LLMZ
\N,LLNV
VDA,LLOV
\N,LLRD
\N,LLRM
SDV,LLSD
MLA,LMML
\N,LOAN
\N,LOLW
GRZ,LOWG
INN,LOWI
LNZ,LOWL
SZG,LOWS
VIE,LOWW
\N,LOXZ
\N,LPAR
SMA,LPAZ
BGC,LPBG
\N,LPBJ
\N,LPBR
\N,LPCO
\N,LPCS
\N,LPCV
\N,LPEV
FLW,LPFL
FAO,LPFR
GRW,LPGR
HOR,LPHR
TER,LPLA
\N,LPMR
\N,LPMT
\N,LPOV
PDL,LPPD
PIX,LPPI
\N,LPPM
OPO,LPPR
PXO,LPPS
LIS,LPPT
SJZ,LPSJ
\N,LPST
\N,LPTN
VRL,LPVR
\N,LPVZ
OMO,LQMO
SJJ,LQSA
ARW,LRAR
BCM,LRBC
BAY,LRBM
BBU,LRBS
CND,LRCK
CLJ,LRCL
CSB,LRCS
CRA,LRCV
IAS,LRIA
OMR,LROD
OTP,LROP
SBZ,LRSB
SUJ,LRSM
SCV,LRSV
TCE,LRTC
TGM,LRTM
TSR,LRTR
\N,LSGC
GVA,LSGG
\N,LSGK
SIR,LSGS
\N,LSMA
\N,LSMD
EML,LSME
\N,LSMF
\N,LSMM
\N,LSMP
LUG,LSZA
BRN,LSZB
\N,LSZG
ZRH,LSZH
ACH,LSZR
SMV,LSZS
\N,LTAB
ESB,LTAC
ANK,LTAD
\N,LTAE
ADA,LTAF
UAB,LTAG
AFY,LTAH
AYT,LTAI
GZT,LTAJ
\N,LTAK
KYA,LTAN
MLX,LTAO
MZH,LTAP
VAS,LTAR
\N,LTAT
ASR,LTAU
\N,LTAV
\N,LTAW
DNZ,LTAY
IST,LTBA
BZI,LTBF
BDM,LTBG
ESK,LTBI
ADB,LTBJ
\N,LTBK
IGL,LTBL
\N,LTBM
\N,LTBN
\N,LTBP
\N,LTBQ
DLM,LTBS
\N,LTBT
BXN,LTBV
\N,LTBX
EZS,LTCA
DIY,LTCC
ERC,LTCD
ERZ,LTCE
TZX,LTCG
VAN,LTCI
BAL,LTCJ
\N,LTCL
\N,LTFA
\N,LTFB
BZY,LUBL
KIV,LUKK
OHD,LWOH
SKP,LWSK
GIB,LXGB
BEG,LYBE
INI,LYNI
TGD,LYPG
PRN,BKPR
TIV,LYTV
\N,LYVR
BTS,LZIB
KSC,LZKZ
\N,LZMC
PZY,LZPP
SLD,LZSL
\N,LZTN
TAT,LZTT
NCA,MBNC
PLS,MBPV
XSC,MBSC
EPS,MDAB
BRX,MDBH
\N,MDCR
LRM,MDLR
PUJ,MDPC
POP,MDPP
SDQ,MDSD
\N,MDSI
STI,MDST
\N,MGBN
CBV,MGCB
GUA,MGGT
\N,MGRT
\N,MGSJ
LCE,MHLC
SAP,MHLM
GJA,MHNJ
RTB,MHRO
TEA,MHTE
TGU,MHTG
\N,MHTJ
OCJ,MKBS
KIN,MKJP
MBJ,MKJS
POT,MKKJ
KTP,MKTP
ACA,MMAA
NTR,MMAN
AGU,MMAS
HUX,MMBT
CVJ,MMCB
\N,MMCC
CME,MMCE
\N,MMCG
\N,MMCH
CUL,MMCL
CTM,MMCM
CEN,MMCN
CPE,MMCP
CJS,MMCS
CUU,MMCU
CVM,MMCV
CZM,MMCZ
DGO,MMDO
TPQ,MMEP
ESE,MMES
GDL,MMGL
GYM,MMGM
TCN,MMHC
HMO,MMHO
CLQ,MMIA
ISJ,MMIM
SLW,MMIO
\N,MMIT
LZC,MMLC
LMM,MMLM
BJX,MMLO
LAP,MMLP
LTO,MMLT
MAM,MMMA
MID,MMMD
MXL,MMML
MLM,MMMM
MTT,MMMT
LOV,MMMV
MEX,MMMX
MTY,MMMY
MZT,MMMZ
NOG,MMNG
NLD,MMNL
OAX,MMOX
PAZ,MMPA
PBC,MMPB
PCA,MMPC
PPE,MMPE
PDS,MMPG
UPN,MMPN
PVR,MMPR
PXM,MMPS
QRO,MMQT
REX,MMRX
SJD,MMSD
SFH,MMSF
SLP,MMSP
TXA,MMTA
\N,MMTB
TRC,MMTC
TGZ,MMTG
TIJ,MMTJ
TAM,MMTM
TSL,MMTN
TLC,MMTO
TAP,MMTP
CUN,MMUN
VSA,MMVA
VER,MMVR
ZCL,MMZC
ZIH,MMZH
ZMM,MMZM
ZLO,MMZO
\N,MMZP
BEF,MNBL
\N,MNBR
\N,MNLN
MGA,MNMG
PUZ,MNPC
BOC,MPBO
CHX,MPCH
DAV,MPDA
BLB,MPHO
PAC,MPMG
\N,MPSA
PTY,MPTO
\N,MRBA
OTR,MRCC
\N,MRCH
\N,MREC
\N,MRFI
GLF,MRGF
\N,MRGP
LIR,MRLB
\N,MRLC
LIO,MRLM
NOB,MRNS
SJO,MROC
\N,MRPD
PMZ,MRPM
XQP,MRQP
\N,MRSG
\N,MRSV
SAL,MSLP
\N,MSSS
\N,MTCA
CAP,MTCH
\N,MTJA
PAP,MTPP
BCA,MUBA
BYM,MUBY
AVI,MUCA
CCC,MUCC
CFG,MUCF
CYO,MUCL
CMW,MUCM
SCU,MUCU
\N,MUFL
\N,MUGM
GAO,MUGT
HAV,MUHA
HOG,MUHG
LCL,MULM
MOA,MUMO
MZO,MUMZ
GER,MUNG
UPB,MUPB
\N,MUPR
\N,MUSA
SNU,MUSC
\N,MUSL
\N,MUSN
\N,MUSS
VRA,MUVR
VTU,MUVT
CYB,MWCB
GCM,MWCR
\N,MYAB
ASD,MYAF
MHH,MYAM
SAQ,MYAN
AXP,MYAP
\N,MYAS
TCB,MYAT
CCZ,MYBC
\N,MYBG
BIM,MYBS
GGT,MYEF
\N,MYEG
ELH,MYEH
GHB,MYEM
\N,MYEN
RSD,MYER
\N,MYES
FPO,MYGF
IGA,MYIG
LGI,MYLD
SML,MYLS
MYG,MYMM
NAS,MYNN
\N,MYRD
\N,MYRP
ZSA,MYSM
BZE,MZBZ
AIT,NCAI
RAR,NCRG
NAN,NFFN
SUV,NFNA
TBU,NFTF
VAV,NFTV
TRW,NGTA
TBF,NGTE
WLS,NLWW
APW,NSFA
PPG,NSTU
RUR,NTAR
TUB,NTAT
AAA,NTGA
\N,NTGB
TIH,NTGC
REA,NTGE
FAV,NTGF
XMH,NTGI
GMR,NTGJ
KKR,NTGK
MKP,NTGM
PKP,NTGP
TKP,NTGT
AXR,NTGU
MVT,NTGV
TKX,NTKR
NHV,NTMD
BOB,NTTB
RGI,NTTG
HUH,NTTH
MOZ,NTTM
HOI,NTTO
MAU,NTTP
RFP,NTTR
VLI,NVVV
KNQ,NWWD
KOC,NWWK
LIF,NWWL
GEA,NWWM
MEE,NWWR
TOU,NWWU
UVE,NWWV
NOU,NWWW
AKL,NZAA
TUO,NZAP
AMZ,NZAR
CHC,NZCH
CHT,NZCI
DUD,NZDN
GIS,NZGS
\N,NZGT
HKK,NZHK
HLZ,NZHN
\N,NZHS
KKE,NZKK
KAT,NZKT
ALR,NZLX
MON,NZMC
TEU,NZMO
MRO,NZMS
NPL,NZNP
NSN,NZNS
IVC,NZNV
\N,NZOH
OAM,NZOU
PMR,NZPM
PPQ,NZPP
ZQN,NZQN
ROT,NZRO
\N,NZRU
\N,NZSP
TRG,NZTG
TIU,NZTU
\N,NZUK
BHE,NZWB
\N,NZWD
WKA,NZWF
\N,NZWG
WHK,NZWK
WLG,NZWN
\N,NZWO
\N,NZWP
WRE,NZWR
WSZ,NZWS
WAG,NZWU
HEA,OAHR
JAA,OAJL
KBL,OAKB
KDH,OAKN
MMZ,OAMN
MZR,OAMS
\N,OASD
\N,OASG
UND,OAUZ
BAH,OBBI
\N,OBBS
AHB,OEAB
HOF,OEAH
ABT,OEBA
BHH,OEBH
\N,OEBQ
DMM,OEDF
DHA,OEDR
GIZ,OEGN
ELQ,OEGS
URY,OEGT
HAS,OEHL
\N,OEJB
\N,OEJF
JED,OEJN
HBT,OEKK
MED,OEMA
EAM,OENG
AQI,OEPA
\N,OEPC
\N,OEPF
\N,OEPJ
\N,OERB
RAH,OERF
RUH,OERK
\N,OERM
RAE,OERR
\N,OERT
SHW,OESH
SLF,OESL
TUU,OETB
TIF,OETF
\N,OETH
\N,OETN
TUI,OETR
EJH,OEWJ
YNB,OEYN
ABD,OIAA
\N,OIAD
\N,OIAG
\N,OIAH
QMJ,OIAI
\N,OIAJ
MRX,OIAM
AWZ,OIAW
\N,OIBA
BUZ,OIBB
\N,OIBH
\N,OIBI
KIH,OIBK
BDH,OIBL
\N,OIBQ
\N,OIBS
\N,OIBV
KSH,OICC
SDG,OICS
\N,OIFE
\N,OIFH
\N,OIFK
IFN,OIFM
\N,OIFP
RAS,OIGG
\N,OIHR
\N,OIIA
\N,OIIC
\N,OIID
\N,OIIG
THR,OIII
\N,OIIK
\N,OIIM
BND,OIKB
\N,OIKJ
KER,OIKK
\N,OIKP
\N,OIKQ
\N,OIKY
XBJ,OIMB
\N,OIMC
\N,OIMJ
\N,OIMT
\N,OINE
RZR,OINR
\N,OISF
\N,OISJ
\N,OISR
SYZ,OISS
\N,OITK
TBZ,OITT
\N,OITZ
AZD,OIYY
ACZ,OIZB
ZBR,OIZC
ZAH,OIZH
\N,OIZI
\N,OIZS
AMM,OJAI
ADJ,OJAM
AQJ,OJAQ
\N,OJHF
\N,OJJR
OMF,OJMF
KWI,OKBK
BEY,OLBA
\N,OLKA
AUH,OMAA
AZI,OMAD
\N,OMAH
\N,OMAJ
\N,OMAM
\N,OMAR
\N,OMAS
\N,OMAZ
DXB,OMDB
FJR,OMFJ
RKT,OMRK
SHJ,OMSJ
KHS,OOKB
MSH,OOMA
MCT,OOMS
SLL,OOSA
TTH,OOTH
\N,OPBG
LYP,OPFA
GWD,OPGD
GIL,OPGT
\N,OPJA
KHI,OPKC
LHE,OPLA
\N,OPLH
\N,OPMA
MFG,OPMF
\N,OPMI
MJD,OPMJ
\N,OPMR
MUX,OPMT
WNS,OPNH
\N,OPOK
PJG,OPPG
PSI,OPPI
PEW,OPPS
\N,OPQS
UET,OPQT
RYK,OPRK
ISB,OPRN
\N,OPRS
RAZ,OPRT
SKZ,OPSK
SDT,OPSS
SUL,OPSU
BDN,OPTH
\N,OPWN
PZH,OPZB
BSR,ORMM
ALP,OSAP
DAM,OSDI
DEZ,OSDZ
LTK,OSLK
PMS,OSPR
\N,OTBD
CIS,PCIS
ROP,PGRO
SPN,PGSN
UAM,PGUA
GUM,PGUM
TIQ,PGWT
MAJ,PKMJ
\N,PKRO
KWA,PKWA
CXI,PLCH
MDY,PMDY
TKK,PTKK
PNI,PTPN
ROR,PTRO
KSA,PTSA
YAP,PTYA
KNH,RCBS
\N,RCDC
\N,RCDI
TTT,RCFN
GNI,RCGI
KHH,RCKH
CYI,RCKU
KYD,RCLY
RMQ,RCMQ
TNN,RCNN
\N,RCPO
MZG,RCQC
\N,RCQS
PIF,RCSQ
TSA,RCSS
TPE,RCTP
WOT,RCWA
HUN,RCYU
NRT,RJAA
MMJ,RJAF
IBR,RJAH
\N,RJAM
IWO,RJAW
SHM,RJBD
\N,RJBK
OBO,RJCB
CTS,RJCC
HKD,RJCH
SPK,RJCJ
MMB,RJCM
SHB,RJCN
\N,RJCT
WKJ,RJCW
IKI,RJDB
UBJ,RJDC
TSJ,RJDT
MBE,RJEB
AKJ,RJEC
OIR,RJEO
RIS,RJER
\N,RJFA
KUM,RJFC
FUJ,RJFE
FUK,RJFF
TNE,RJFG
KOJ,RJFK
KMI,RJFM
\N,RJFN
OIT,RJFO
KKJ,RJFR
KMJ,RJFT
NGS,RJFU
\N,RJFY
\N,RJFZ
ASJ,RJKA
\N,RJKB
TKN,RJKN
\N,RJNF
\N,RJNG
\N,RJNH
KMQ,RJNK
OKI,RJNO
TOY,RJNT
\N,RJNY
HIJ,RJOA
OKJ,RJOB
IZO,RJOC
\N,RJOF
YGJ,RJOH
KCZ,RJOK
MYJ,RJOM
ITM,RJOO
TTJ,RJOR
TKS,RJOS
TAK,RJOT
\N,RJOY
\N,RJOZ
AOJ,RJSA
GAJ,RJSC
SDS,RJSD
\N,RJSH
HNA,RJSI
AXT,RJSK
MSJ,RJSM
SDJ,RJSS
\N,RJST
\N,RJTA
\N,RJTE
HAC,RJTH
\N,RJTJ
\N,RJTK
\N,RJTL
OIM,RJTO
\N,RJTR
HND,RJTT
OKO,RJTY
KWJ,RKJJ
CHN,RKJU
RSU,RKJY
SHO,RKND
KAG,RKNN
CJU,RKPC
\N,RKPE
PUS,RKPK
USN,RKPU
\N,RKSG
SSN,RKSM
OSN,RKSO
GMP,RKSS
SWU,RKSW
KPO,RKTH
TAE,RKTN
YEC,RKTY
OKA,ROAH
\N,RODE
DNA,RODN
ISG,ROIG
UEO,ROKJ
MMD,ROMD
MMY,ROMY
KTD,RORK
SHI,RORS
\N,RORT
RNJ,RORY
OGN,ROYN
MNL,RPLL
CBO,RPMC
CGY,RPML
PAG,RPMP
GES,RPMR
ZAM,RPMZ
BAG,RPUB
\N,RPUD
\N,RPUF
\N,RPUG
SJI,RPUH
\N,RPUL
\N,RPUM
\N,RPUQ
\N,RPUR
\N,RPUZ
TAC,RPVA
BCD,RPVB
DGT,RPVD
MPH,RPVE
\N,RPVG
ILO,RPVI
KLO,RPVK
PPS,RPVP
\N,RPVS
COC,SAAC
GHU,SAAG
\N,SAAJ
PRA,SAAP
ROS,SAAR
SFN,SAAV
AEP,SABE
COR,SACO
\N,SACT
\N,SADF
\N,SADJ
LPG,SADL
\N,SADM
\N,SADP
\N,SAHC
\N,SAHR
MDZ,SAME
LGS,SAMM
AFA,SAMR
CTC,SANC
SDE,SANE
\N,SANI
IRJ,SANL
\N,SANO
TUC,SANT
UAQ,SANU
RCU,SAOC
VDR,SAOD
\N,SAOL
\N,SAOM
\N,SAOR
LUQ,SAOU
CNQ,SARC
RES,SARE
FMA,SARF
IGR,SARI
AOL,SARL
\N,SARM
PSS,SARP
SLA,SASA
JUJ,SASJ
ORA,SASO
\N,SASQ
\N,SATD
\N,SATG
\N,SATO
\N,SATR
\N,SATU
EHL,SAVB
CRD,SAVC
EQS,SAVE
REL,SAVT
VDM,SAVV
PMY,SAVY
\N,SAWB
PUD,SAWD
RGA,SAWE
RGL,SAWG
USH,SAWH
ULA,SAWJ
PMQ,SAWP
RZA,SAWU
BHI,SAZB
\N,SAZC
\N,SAZF
\N,SAZG
\N,SAZH
\N,SAZI
MDQ,SAZM
NQN,SAZN
\N,SAZP
RSA,SAZR
BRC,SAZS
TDL,SAZT
VLG,SAZV
\N,SAZW
CPC,SAZY
CDJ,SBAA
\N,SBAF
\N,SBAM
AQA,SBAQ
AJU,SBAR
AFL,SBAT
ARU,SBAU
BEL,SBBE
BGX,SBBG
PLU,SBBH
BFH,SBBI
\N,SBBQ
BSB,SBBR
BAU,SBBU
BVB,SBBV
\N,SBBW
CAC,SBCA
\N,SBCC
CNF,SBCF
CGR,SBCG
XAP,SBCH
CLN,SBCI
CCM,SBCM
\N,SBCO
CAW,SBCP
CMG,SBCR
CWB,SBCT
CRQ,SBCV
CXJ,SBCX
CGB,SBCY
CZS,SBCZ
PPB,SBDN
MAO,SBEG
\N,SBEK
\N,SBES
IGU,SBFI
FLN,SBFL
FEN,SBFN
\N,SBFU
FOR,SBFZ
GIG,SBGL
\N,SBGM
GYN,SBGO
\N,SBGP
GRU,SBGR
\N,SBGW
ATM,SBHT
\N,SBIC
ITB,SBIH
IOS,SBIL
IPN,SBIP
\N,SBIT
IMP,SBIZ
\N,SBJC
JDF,SBJF
JPA,SBJP
JOI,SBJV
CPV,SBKG
VCP,SBKP
\N,SBLJ
LIP,SBLN
LDB,SBLO
LAZ,SBLP
\N,SBLS
MAB,SBMA
\N,SBMD
MGF,SBMG
MOC,SBMK
PLL,SBMN
MCZ,SBMO
MCP,SBMQ
MVF,SBMS
\N,SBMT
MNX,SBMY
NVT,SBNF
GEL,SBNM
NAT,SBSG
\N,SBOI
POA,SBPA
\N,SBPB
POO,SBPC
PFB,SBPF
PET,SBPK
PNZ,SBPL
PNB,SBPN
PMG,SBPP
PVH,SBPV
RBR,SBRB
REC,SBRF
SDU,SBRJ
RAO,SBRP
STU,SBSC
SJK,SBSJ
SLZ,SBSL
CGH,SBSP
SJP,SBSR
SSZ,SBST
SSA,SBSV
TMT,SBTB
THE,SBTE
TFF,SBTF
\N,SBTK
\N,SBTL
\N,SBTS
TBT,SBTT
TUR,SBTU
SJL,SBUA
PAV,SBUF
URG,SBUG
UDI,SBUL
UBA,SBUR
VAG,SBVG
BVH,SBVH
VIX,SBVT
\N,SBYA
QPS,SBYS
ARI,SCAR
BBA,SCBA
\N,SCBQ
CCH,SCCC
CJC,SCCF
\N,SCCH
PUQ,SCCI
GXQ,SCCY
IQQ,SCDA
SCL,SCEL
ANF,SCFA
WPR,SCFM
\N,SCFT
LSQ,SCGE
WPU,SCGZ
CCP,SCIE
IPC,SCIP
ZOS,SCJO
\N,SCLL
\N,SCRG
\N,SCRM
LSC,SCSE
\N,SCTB
ZCO,SCTC
PMC,SCTE
WCH,SCTN
ZAL,SCVD
ATF,SEAM
\N,SECM
OCC,SECO
CUE,SECU
GPS,SEGS
GYE,SEGU
\N,SEGZ
\N,SEIB
\N,SEKK
\N,SELJ
LTX,SELT
\N,SEMA
XMS,SEMC
MCH,SEMH
\N,SEMO
MEC,SEMT
\N,SEMX
\N,SEPS
PVO,SEPV
\N,SEQE
UIO,SEQM
\N,SERB
ETR,SERO
SNC,SESA
\N,SESD
\N,SETA
\N,SETE
TPC,SETR
TUA,SETU
ASU,SGAS
\N,SGAY
CIO,SGCO
\N,SGIB
\N,SGME
\N,SGPI
AXM,SKAR
PUU,SKAS
\N,SKBC
BGA,SKBG
BOG,SKBO
BAQ,SKBQ
BSC,SKBS
BUN,SKBU
CUC,SKCC
CTG,SKCG
CLO,SKCL
TCO,SKCO
CZU,SKCZ
EJA,SKEJ
FLA,SKFL
\N,SKGI
GPI,SKGP
\N,SKGY
IBE,SKIB
IPI,SKIP
APO,SKLC
\N,SKLM
LET,SKLT
EOH,SKMD
MGN,SKMG
MTR,SKMR
MVP,SKMU
MZL,SKMZ
NVA,SKNV
OCV,SKOC
OTU,SKOT
\N,SKPB
PCR,SKPC
PEI,SKPE
\N,SKPI
PPN,SKPP
PSO,SKPS
PVA,SKPV
\N,SKQU
MDE,SKRG
RCH,SKRH
SJE,SKSJ
SMR,SKSM
ADZ,SKSP
SVI,SKSV
TME,SKTM
AUC,SKUC
UIB,SKUI
ULQ,SKUL
VUP,SKVP
VVC,SKVV
BJO,SLBJ
CBB,SLCB
\N,SLCH
CIJ,SLCO
LPB,SLLP
\N,SLOR
POI,SLPO
PSZ,SLPS
\N,SLSA
SRE,SLSU
TJA,SLTJ
TDD,SLTR
\N,SLVM
VVI,SLVR
BYC,SLYA
PBM,SMJP
CAY,SOCA
\N,SOOG
\N,SPAB
\N,SPAS
\N,SPAY
\N,SPBR
PCL,SPCL
CHM,SPEO
\N,SPEP
\N,SPEQ
CIX,SPHI
AYP,SPHO
ANS,SPHY
ATA,SPHZ
LIM,SPIM
JJI,SPJI
\N,SPJJ
JUL,SPJL
\N,SPLO
\N,SPLP
TBP,SPME
YMS,SPMS
\N,SPOL
CHH,SPPY
IQT,SPQT
AQP,SPQU
\N,SPRM
TRU,SPRU
PIO,SPSO
TPP,SPST
TCQ,SPTN
PEM,SPTU
PIU,SPUR
TYL,SPYL
CUZ,SPZO
\N,SUAA
\N,SUDU
MVD,SUMU
STY,SUSO
AGV,SVAC
AAO,SVAN
\N,SVAT
BLA,SVBC
BNS,SVBI
\N,SVBL
BRM,SVBM
"Heres\"".",Ciudad
\N,SVCD
\N,SVCJ
\N,SVCL
CAJ,SVCN
\N,SVCO
CUP,SVCP
CZE,SVCR
\N,SVCS
CUM,SVCU
\N,SVCZ
\N,SVED
\N,SVEZ
\N,SVGD
GUI,SVGI
GUQ,SVGU
\N,SVHG
\N,SVIE
LSP,SVJC
\N,SVJM
LFR,SVLF
\N,SVLO
MAR,SVMC
MRD,SVMD
PMV,SVMG
CCS,SVMI
MUN,SVMT
PYH,SVPA
PBL,SVPC
\N,SVPM
PZO,SVPR
\N,SVPT
SVZ,SVSA
\N,SVSB
SNV,SVSE
STD,SVSO
\N,SVSP
SFD,SVSR
SOM,SVST
STB,SVSZ
TUV,SVTC
\N,SVTM
VLN,SVVA
VLV,SVVL
VDP,SVVP
\N,SYLD
LTM,SYLT
ANU,TAPA
BGI,TBPB
DCF,TDCF
DOM,TDPD
FDF,TFFF
SFG,TFFG
PTP,TFFR
GND,TGPY
STT,TIST
STX,TISX
BQN,TJBQ
FAJ,TJFA
SIG,TJIG
MAZ,TJMZ
PSE,TJPS
SJU,TJSJ
SKB,TKPK
SLU,TLPC
UVF,TLPL
AUA,TNCA
BON,TNCB
CUR,TNCC
EUX,TNCE
SXM,TNCM
AXA,TQPF
TAB,TTCP
POS,TTPP
EIS,TUPJ
CIW,TVSC
MQS,TVSM
SVD,TVSV
ALA,UAAA
BXH,UAAH
TSE,UACC
DMB,UADD
FRU,UAFM
OSS,UAFO
CIT,UAII
URA,UARR
PWQ,UASP
PLX,UASS
AKX,UATT
GYD,UBBB
YKS,UEEE
MJZ,UERR
BQS,UHBB
KHV,UHHH
PVS,UHMD
GDX,UHMM
PWE,UHMP
PKC,UHPP
UUS,UHSS
VVO,UHWW
HTA,UIAA
BTK,UIBB
IKT,UIII
UUD,UIUU
KBP,UKBB
DOK,UKCC
DNK,UKDD
SIP,UKFF
IEV,UKKK
LWO,UKLL
ODS,UKOO
LED,ULLI
MMK,ULMM
GME,UMGG
VTB,UMII
KGD,UMKK
MHP,UMMM
MSQ,UMMS
ABA,UNAA
BAX,UNBB
KEJ,UNEE
OMS,UNOO
KRR,URKK
MCX,URML
MRV,URMM
STW,URMT
ROV,URRR
AER,URSS
ASF,URWA
VOG,URWW
CEK,USCC
MQF,USCM
NJC,USNN
PEE,USPP
SGC,USRR
SVX,USSS
ASB,UTAA
KRW,UTAK
CRZ,UTAV
DYU,UTDD
BHK,UTSB
SKD,UTSS
TAS,UTTT
BZK,UUBP
SVO,UUEE
KLD,UUEM
VOZ,UUOO
VKO,UUWW
SCW,UUYY
KZN,UWKD
REN,UWOO
UFA,UWUU
KUF,UWWW
AMD,VAAH
AKD,VAAK
IXU,VAAU
BOM,VABB
PAB,VABI
BHJ,VABJ
IXG,VABM
BDQ,VABO
BHO,VABP
BHU,VABV
NMB,VADN
\N,VADS
\N,VAGN
GOI,VAGO
IDR,VAID
JLR,VAJB
JGA,VAJM
IXY,VAKE
HJR,VAKJ
KLH,VAKP
IXK,VAKS
NAG,VANP
ISK,VANR
PNQ,VAPO
PBD,VAPR
RAJ,VARK
RPR,VARP
SSE,VASL
STV,VASU
UDR,VAUD
CMB,VCBI
ACJ,VCCA
\N,VCCB
RML,VCCC
GOY,VCCG
JAF,VCCJ
TRR,VCCT
\N,VDKH
PNH,VDPP
REP,VDSR
TNX,VDST
\N,VEAN
IXA,VEAT
AJL,VELP
IXB,VEBD
\N,VEBK
BBI,VEBS
CCU,VECC
COH,VECO
DBD,VEDB
GAY,VEGY
\N,VEHK
IMF,VEIM
\N,VEJH
IXW,VEJS
JRH,VEJT
IXH,VEKR
IXS,VEKU
IXI,VELR
DIB,VEMN
\N,VEMZ
\N,VENP
PAT,VEPT
\N,VEPU
IXR,VERC
RRK,VERK
\N,VEUK
VTZ,VEVZ
\N,VEZO
CXB,VGCB
CGP,VGEG
IRD,VGIS
JSR,VGJR
RJH,VGRJ
SPD,VGSD
ZYL,VGSY
\N,VGTJ
DAC,VGZR
HKG,VHHH
\N,VHSK
AGR,VIAG
IXD,VIAL
ATQ,VIAR
\N,VIBK
VNS,VIBN
KUU,VIBR
\N,VIBW
IXC,VICG
\N,VIDD
DED,VIDN
DEL,VIDP
GWL,VIGR
\N,VIHR
\N,VIJN
JDH,VIJO
JAI,VIJP
JSA,VIJR
IXJ,VIJU
KNU,VIKA
KTU,VIKO
LUH,VILD
IXL,VILH
LKO,VILK
\N,VIPL
PGH,VIPT
\N,VIRB
SXR,VISR
TNI,VIST
LPQ,VLLB
PKZ,VLPS
\N,VLPV
ZVK,VLSK
\N,VLSN
VTE,VLVT
MFM,VMMC
BWA,VNBW
\N,VNJP
KTM,VNKT
PKR,VNPK
SIF,VNSI
BIR,VNVT
AGX,VOAT
BLR,VOBL
BEP,VOBI
VGA,VOBZ
CJB,VOCB
COK,VOCI
CCJ,VOCL
CDP,VOCP
\N,VODG
BPM,VOHY
IXM,VOMD
IXE,VOML
MAA,VOMM
\N,VONS
IXZ,VOPB
PNY,VOPC
RJA,VORY
\N,VOSM
\N,VOTJ
TIR,VOTP
TRZ,VOTR
TRV,VOTV
PBH,VQPR
MLE,VRMM
DMK,VTBD
\N,VTBK
\N,VTBL
UTP,VTBU
\N,VTBW
LPT,VTCL
PRH,VTCP
HHQ,VTPH
\N,VTPI
\N,VTPL
\N,VTPN
PHS,VTPP
\N,VTPY
\N,VTSA
NAW,VTSC
KBV,VTSG
\N,VTSH
PAN,VTSK
USM,VTSM
\N,VTSN
HKT,VTSP
UNN,VTSR
HDY,VTSS
TST,VTST
UTH,VTUD
SNO,VTUI
\N,VTUJ
LOE,VTUL
\N,VTUN
\N,VTUR
DAD,VVDN
\N,VVGL
\N,VVKP
HAN,VVNB
NHA,VVNT
HUI,VVPB
PQC,VVPQ
SGN,VVTS
\N,VYAN
\N,VYAS
NYU,VYBG
\N,VYCI
HEH,VYHH
\N,VYHL
KET,VYKG
KYP,VYKP
LSH,VYLS
\N,VYLY
MDL,VYMD
MGZ,VYME
MYT,VYMK
\N,VYMO
MOG,VYMS
\N,VYNP
\N,VYNS
\N,VYPA
PBU,VYPT
\N,VYPY
\N,VYST
AKY,VYSW
SNW,VYTD
THL,VYTL
\N,VYTO
RGN,VYYY
UPG,WAAA
BIK,WABB
NBX,WABI
TIM,WABP
DJJ,WAJJ
WMX,WAJW
MKQ,WAKK
GTO,WAMG
PLW,WAML
MDC,WAMM
PSJ,WAMP
OTI,WAMR
TTE,WAMT
LUW,WAMW
AMQ,WAPP
FKQ,WASF
KNG,WASK
BXB,WASO
MKW,WASR
SOQ,WAXX
BTU,WBGB
KCH,WBGG
LMN,WBGJ
MUR,WBGM
MYY,WBGR
SBW,WBGS
LDU,WBKD
BKI,WBKK
LBU,WBKL
TWU,WBKW
BWN,WBSB
PKU,WIBB
DUM,WIBD
CGK,WIII
GNS,WIMB
\N,WIME
\N,WIPT
MES,WIMK
\N,WIMS
\N,WIOG
KTG,WIOK
PNK,WIOO
DJB,WIPA
BKS,WIPL
PLM,WIPP
RGT,WIPR
\N,WITL
BTJ,WITT
\N,WMAP
AOR,WMKA
\N,WMKB
KBR,WMKC
KUA,WMKD
KTE,WMKE
\N,WMKF
IPH,WMKI
JHB,WMKJ
KUL,WMKK
LGK,WMKL
MKZ,WMKM
TGG,WMKN
PEN,WMKP
\N,WPDB
DIL,WPDL
\N,WPEC
\N,WSAG
QPG,WSAP
\N,WSAT
XSP,WSSL
SIN,WSSS
\N,YBAF
ABM,YBAM
ASP,YBAS
BNE,YBBN
OOL,YBCG
CNS,YBCS
CTL,YBCV
ISA,YBMA
MCY,YBMC
MKY,YBMK
PPP,YBPN
ROK,YBRK
TSV,YBTL
WEI,YBWP
AVV,YMAV
ABX,YMAY
MEB,YMEN
\N,YMES
HBA,YMHB
LST,YMLT
MBW,YMMB
MEL,YMML
\N,YMPC
ADL,YPAD
\N,YPED
JAD,YPJT
KTA,YPKA
KGI,YPKG
KNX,YPKU
LEA,YPLM
PHE,YPPD
\N,YPPF
PER,YPPH
UMR,YPWR
XCH,YPXM
BWU,YSBK
CBR,YSCB
CFS,YSCH
CDU,YSCN
DBO,YSDU
NLK,YSNF
\N,YSRI
SYD,YSSY
TMW,YSTW
WGA,YSWG
PEK,ZBAA
HLD,ZBLA
TSN,ZBTJ
TYN,ZBYN
CAN,ZGGG
CSX,ZGHA
KWL,ZGKL
NNG,ZGNN
SZX,ZGSZ
CGO,ZHCC
WUH,ZHHH
FNJ,ZKPY
LHW,ZLLL
XIY,ZLXY
ULN,ZMUB
JHG,ZPJH
KMG,ZPPP
XMN,ZSAM
KHN,ZSCN
FOC,ZSFZ
HGH,ZSHC
NGB,ZSNB
NKG,ZSNJ
HFE,ZSOF
TAO,ZSQD
SHA,ZSSS
YNT,ZSYT
CKG,ZUCK
KWE,ZUGY
CTU,ZUUU
XIC,ZUXC
KHG,ZWSH
HTN,ZWTN
URC,ZWWW
HRB,ZYHB
MDG,ZYMD
DLC,ZYTL
PVG,ZSPD
TOD,WMBT
SZB,WMSA
NTQ,RJNW
HBE,HEBA
BTI,PABA
LUR,PALU
PIZ,PPIZ
ITO,PHTO
ORL,KORL
BTT,PABT
Z84,PACL
UTO,PAIM
FYU,PFYU
SVW,PASV
FRN,PAFR
TLJ,PATL
CZF,PACZ
BED,KBED
SNP,PASN
EHM,PAEH
STG,PAPB
ILI,PAIL
PTU,PAPM
BMX,PABM
OSC,KOSC
OAR,KOAR
MHR,KMHR
BYS,KBYS
NXP,KNXP
FSM,KFSM
MRI,PAMR
GNT,KGNT
PNC,KPNC
SVN,KSVN
GFK,KGFK
PBF,KPBF
NSE,KNSE
HNM,PHHN
PRC,KPRC
TTN,KTTN
BOS,KBOS
SUU,KSUU
RME,KRME
ENV,KENV
BFM,KBFM
OAK,KOAK
OMA,KOMA
NOW,KNOW
OGG,PHOG
ICT,KICT
MCI,KMCI
MSN,KMSN
DLG,PADL
HRO,KHRO
PHX,KPHX
BGR,KBGR
FXE,KFXE
GGG,KGGG
AND,KAND
GEG,KGEG
HWO,KHWO
SFO,KSFO
CTB,KCTB
ARA,KARA
GNV,KGNV
MEM,KMEM
DUG,KDUG
BIG,PABI
CNW,KCNW
ANN,PANT
CAR,KCAR
LRF,KLRF
HUA,KHUA
POB,KPOB
DHT,KDHT
DLF,KDLF
LAX,KLAX
ANB,KANB
CLE,KCLE
DOV,KDOV
CVG,KCVG
FME,KFME
NID,KNID
HON,KHON
JNU,PAJN
LFT,KLFT
EWR,KEWR
BOI,KBOI
INS,KINS
GCK,KGCK
MOT,KMOT
HHI,PHHI
MXF,KMXF
\N,KRBM
DAL,KDAL
FCS,KFCS
HLN,KHLN
NKX,KNKX
LUF,KLUF
\N,KHRT
HHR,KHHR
HUL,KHUL
END,KEND
NTD,KNTD
EDW,KEDW
LCH,KLCH
KOA,PHKO
MYR,KMYR
NLC,KNLC
ACK,KACK
FAF,KFAF
HOP,KHOP
DCA,KDCA
NHK,KNHK
PSX,KPSX
BYH,KBYH
ACY,KACY
TIK,KTIK
PUB,KPUB
PQI,KPQI
GRF,KGRF
ADQ,PADQ
UPP,PHUP
FLL,KFLL
MKO,KMKO
INL,KINL
SLC,KSLC
CDS,KCDS
BIX,KBIX
LSF,KLSF
FRI,KFRI
MDT,KMDT
LNK,KLNK
LAN,KLAN
MUE,PHMU
MSS,KMSS
HKY,KHKY
SPG,KSPG
FMY,KFMY
IAH,KIAH
MLT,KMLT
ADW,KADW
INT,KINT
VCV,KVCV
CEW,KCEW
GTB,KGTB
PHN,KPHN
BFL,KBFL
ELP,KELP
HRL,KHRL
CAE,KCAE
DMA,KDMA
NPA,KNPA
PNS,KPNS
RDR,KRDR
HOU,KHOU
BKF,KBKF
ORT,PAOR
PAQ,PAAQ
PIT,KPIT
BRW,PABR
EFD,KEFD
NUW,KNUW
ALI,KALI
VAD,KVAD
MIA,KMIA
SEA,KSEA
CHA,KCHA
BDR,KBDR
JAN,KJAN
GLS,KGLS
LGB,KLGB
HDH,PHDH
IPT,KIPT
IND,KIND
SZL,KSZL
AKC,KAKR
GWO,KGWO
HPN,KHPN
FOK,KFOK
JBR,KJBR
\N,KTNX
LNA,KLNA
NZY,KNZY
BIF,KBIF
YUM,KNYL
CNM,KCNM
DLH,KDLH
BET,PABE
LOU,KLOU
FHU,KFHU
LIH,PHLI
HUF,KHUF
HVR,KHVR
MWH,KMWH
MPV,KMPV
\N,KNSI
RIC,KRIC
SHV,KSHV
CDV,PACV
ORF,KORF
BPT,KBPT
SAV,KSAV
HIF,KHIF
OME,PAOM
\N,KSPB
PIE,KPIE
MNM,KMNM
CXO,KCXO
SCC,PASC
SAT,KSAT
ROC,KROC
COF,KCOF
TEB,KTEB
RCA,KRCA
RDU,KRDU
DAY,KDAY
ENA,PAEN
MLC,KMLC
IAG,KIAG
CFD,KCFD
\N,KLHW
PHF,KPHF
ESF,KESF
LTS,KLTS
TUS,KTUS
MIB,KMIB
BAB,KBAB
IKK,KIKK
GSB,KGSB
PVD,KPVD
SBY,KSBY
RIU,KRIU
BUR,KBUR
DTW,KDTW
TPA,KTPA
PMB,KPMB
POE,KPOE
EIL,PAEI
HIB,KHIB
LFK,KLFK
MAF,KMAF
GRB,KGRB
ADM,KADM
WRI,KWRI
\N,KNKT
SBO,KSBO
AGS,KAGS
ISN,KISN
LIT,KLIT
SWF,KSWF
BDE,KBDE
SAC,KSAC
HOM,PAHO
TBN,KTBN
MGE,KMGE
SKA,KSKA
HTL,KHTL
PAM,KPAM
DFW,KDFW
MLB,KMLB
TCM,KTCM
AUS,KAUS
LCK,KLCK
MQT,KSAW
TYS,KTYS
HLR,KHLR
STL,KSTL
MIV,KMIV
SPS,KSPS
LUK,KLUK
ATL,KATL
MER,KMER
MCC,KMCC
GRR,KGRR
INK,KINK
FAT,KFAT
VRB,KVRB
IPL,KIPL
BNA,KBNA
LRD,KLRD
EDF,PAED
OTZ,PAOT
AOO,KAOO
DYS,KDYS
ELD,KELD
LGA,KLGA
TLH,KTLH
DPA,KDPA
ACT,KACT
AUG,KAUG
INJ,KINJ
MKL,KMKL
MKK,PHMK
FTK,KFTK
\N,KNCA
SJT,KSJT
CXL,KCXL
CIC,KCIC
BTV,KBTV
JAX,KJAX
DRO,KDRO
IAD,KIAD
CLL,KCLL
SFF,KSFF
MKE,KMKE
ABI,KABI
COU,KCOU
PDX,KPDX
TNT,KTNT
PBI,KPBI
FTW,KFTW
OGS,KOGS
BFI,KBFI
SKF,KSKF
HNL,PHNL
DSM,KDSM
EWN,KEWN
SAN,KSAN
MLU,KMLU
SSC,KSSC
ONT,KONT
GVT,KGVT
ROW,KROW
DET,KDET
BRO,KBRO
DHN,KDHN
WWD,KWWD
MTC,KMTC
FMN,KFMN
CRP,KCRP
SYR,KSYR
NQX,KNQX
MDW,KMDW
SJC,KSJC
HOB,KHOB
PNE,KPNE
DEN,KDEN
PHL,KPHL
SUX,KSUX
MCN,KMCN
TCS,KTCS
PMD,KPMD
RND,KRND
NJK,KNJK
CMH,KCMH
FYV,KFYV
FSI,KFSI
PNM,KPNM
FFO,KFFO
GAL,PAGA
\N,KCHD
MWL,KMWL
IAB,KIAB
NBG,KNBG
BFT,KARW
TXK,KTXK
PBG,KPBG
APG,KAPG
TCC,KTCC
ANC,PANC
GRK,KGRK
ZUN,KZUN
BLI,KBLI
NQA,KNQA
EKN,KEKN
HFD,KHFD
SFZ,KSFZ
MOB,KMOB
NUQ,KNUQ
SAF,KSAF
BKH,PHBK
DRI,KDRI
BSF,PHSF
OLS,KOLS
MCF,KMCF
BLV,KBLV
OPF,KOPF
DRT,KDRT
RSW,KRSW
AKN,PAKN
MUI,KMUI
JHM,PHJH
JFK,KJFK
HST,KHST
RAL,KRAL
FLV,KFLV
WAL,KWAL
HMN,KHMN
NXX,KNXX
CYS,KCYS
SCK,KSCK
CHS,KCHS
RNO,KRNO
KTN,PAKT
YIP,KYIP
VBG,KVBG
BHM,KBHM
NEL,KNEL
LSV,KLSV
RIV,KRIV
MOD,KMOD
SMF,KSMF
UGN,KUGN
COS,KCOS
BUF,KBUF
SKY,KSKY
PAE,KPAE
MUO,KMUO
CDC,KCDC
BDL,KBDL
MFE,KMFE
NGU,KNGU
CEF,KCEF
LBB,KLBB
ORD,KORD
BCT,KBCT
FAI,PAFA
NYG,KNYG
CVS,KCVS
NGF,PHNG
OFF,KOFF
GKN,PAGK
ART,KART
PSP,KPSP
AMA,KAMA
FOD,KFOD
BAD,KBAD
FOE,KFOE
COT,KCOT
ILM,KILM
BTR,KBTR
TYR,KTYR
BWI,KBWI
HBR,KHBR
LNY,PHNY
AEX,KAEX
WSD,KWSD
CDB,PACD
TUL,KTUL
SIT,PASI
ISP,KISP
MSP,KMSP
ILG,KILG
DUT,PADU
MSY,KMSY
PWM,KPWM
OKC,KOKC
ALB,KALB
VDZ,PAVD
LFI,KLFI
SNA,KSNA
CBM,KCBM
TMB,KTMB
NTU,KNTU
GUS,KGUS
CPR,KCPR
VPS,KVPS
SEM,KSEM
EYW,KEYW
CLT,KCLT
LAS,KLAS
MCO,KMCO
FLO,KFLO
GTF,KGTF
YNG,KYNG
FBK,PAFB
MMV,KMMV
WRB,KWRB
BKK,VTBS
NAH,WAMH
\N,WAWM
\N,WAWS
TTR,WAWT
KDI,WAWW
SBG,WITB
\N,WICM
\N,WARI
MLG,WARA
\N,WICB
BDO,WICC
CBN,WICD
JOG,WARJ
CXP,WIHL
PCB,WIHP
SRG,WARS
BTH,WIDD
TJQ,WIOD
PGK,WIPK
TNJ,WIDN
SIQ,WIDS
BDJ,WAOO
\N,WAOC
PKN,WAOI
PKY,WAOP
MOF,WATC
ENE,WATE
RTG,WATG
KOE,WATT
LBJ,WATO
BPN,WALL
TRK,WALR
SRI,WALS
\N,WALT
AMI,WADA
BMU,WADB
WGP,WADW
SUB,WARR
SOC,WARQ
ICN,RKSI
CNX,VTCC
CEI,VTCT
NST,VTSF
NAK,VTUQ
KOP,VTUW
UBP,VTUU
KKC,VTUK
THS,VTPO
DPS,WADD
ATH,LGAV
NGO,RJGG
UKB,RJBE
PUW,KPUW
LWS,KLWS
ELM,KELM
ITH,KITH
MRY,KMRY
SBA,KSBA
DAB,KDAB
LPX,EVLA
RIX,EVRA
SQQ,EYSA
HLJ,EYSB
KUN,EYKA
\N,EYKS
PLQ,EYPA
VNO,EYVI
PNV,EYPP
\N,UDYE
\N,UDLS
EVN,UDYZ
LWN,UDSG
ASA,HHSB
ASM,HHAS
MSW,HHMS
GZA,LVGZ
BUS,UGSB
KUT,UGKO
TBS,UGTB
RIY,OYRN
TAI,OYTZ
HOD,OYHD
ADE,OYAA
AXK,OYAT
AAY,OYGD
SAH,OYSN
BHN,OYBN
SCT,OYSQ
\N,OYBA
FMM,EDJA
NAV,LTAZ
EZE,SAEZ
EBL,ORER
EMD,YEML
HEW,LGAT
KIX,RJBB
TAG,RPVT
JAV,BGJN
JCH,BGCH
JEG,BGAA
PMI,LEPA
DRW,YPDN
URT,VTSB
TKA,PATK
GZM,LMMG
HVN,KHVN
AVL,KAVL
GSO,KGSO
FSD,KFSD
AYQ,YAYE
MHT,KMHT
APF,KAPF
RDN,WMPR
SDF,KSDF
CHO,KCHO
ROA,KROA
LEX,KLEX
EVV,KEVV
ABQ,KABQ
BZN,KBZN
BIL,KBIL
BTM,KBTM
TVC,KTVC
FRS,MGTK
BHB,KBHB
RKD,KRKD
JAC,KJAC
RFD,KRFD
DME,UUDD
SYX,ZJSY
MFN,NZMF
LJG,ZPLJ
GSP,KGSP
BMI,KBMI
GPT,KGPT
AZO,KAZO
TOL,KTOL
FWA,KFWA
DEC,KDEC
CID,KCID
LSE,KLSE
CWA,KCWA
PIA,KPIA
ATW,KATW
RST,KRST
CMI,KCMI
MHK,KMHK
KGC,YKSC
HVB,YHBA
DLU,ZPDL
MZV,WBMU
SSH,HESH
FKL,KFKL
NBO,HKJK
SEU,HTSN
FTE,SAWC
ARM,YARM
GJT,KGJT
SGU,KSGU
DWH,KDWH
S46,XS46
SRQ,KSRQ
BDA,TXKF
VNY,KVNY
MLI,KMLI
PFN,KPFN
HIR,AGGH
PPT,NTAA
INU,ANYN
FUN,NGFU
OVB,UNNT
\N,EKSS
XKH,VLXK
BIS,KBIS
TEX,KTEX
INC,ZLIC
HGN,VTCH
RAP,KRAP
CLD,KCRQ
FNT,KFNT
DVO,RPMD
FNC,LPMA
STM,SBSN
KOS,VDSV
YOA,CYOA
NPE,NZNR
LEV,NFNB
LXA,ZULS
RDD,KRDD
EUG,KEUG
IDA,KIDA
MFR,KMFR
KBZ,NZKI
RDM,KRDM
PCN,NZPN
WDH,FYWH
YWH,CYWH
\N,CAQ3
TNA,ZSJN
CZX,ZSCG
YBP,ZUYB
TJM,USTR
CAK,KCAK
HSV,KHSV
PKB,KPKB
MGM,KMGM
TRI,KTRI
PAH,KPAH
JIB,HDAM
HAK,ZJHK
MFA,HTMA
PGA,KPGA
UII,MHUT
FCA,KGPI
MBS,KMBS
BGM,KBGM
BGW,ORBI
NNT,VTCN
ROI,VTUV
BFV,VTUO
TDX,VTBO
BLH,KBLH
\N,ORAA
\N,ORAT
\N,ORBD
CRK,RPLC
SDK,WBKS
LXG,VLLN
ODY,VLOS
SHE,ZYTX
MNI,TRPG
PSG,PAPG
LYA,ZHLY
XUZ,ZSXZ
MWQ,VYMW
KHM,VYKI
DLI,VVDL
VKG,VVRG
CAH,VVCM
VCL,VVCA
TBB,VVTH
PYY,VTCI
BWK,LDSB
NSI,FKYS
CKY,GUCY
AAH,EDKA
FKB,EDSB
SFB,KSFB
JST,KJST
LUA,VNLK
BHP,VNBJ
LDN,VNLD
JMO,VNJS
NGX,VNMA
PPL,VNPL
RUM,VNRT
DNP,VNDG
RUK,VNRK
JUM,VNJL
TPJ,VNTJ
TMI,VNTR
SKH,VNSK
IMK,VNST
DOP,VNDP
BJH,VNBG
DHI,VNDH
MWX,RKJB
JTY,LGPL
JIK,LGIK
JKL,LGKY
MLO,LGML
JNX,LGNX
PAS,LGPA
KZS,LGKJ
RMF,HEMA
NRN,EDLV
USU,RPVV
BXU,RPME
DPL,RPMG
LAO,RPLI
LGP,RPLP
OZC,RPMO
CEB,RPVM
NOE,EDWS
JUI,EDWJ
BPS,SBPS
\N,SNIG
PMW,SBPJ
CLV,SBCN
MSO,KMSO
BKQ,YBCK
BDB,YBUD
GCN,KGCN
SGR,KSGR
HIS,YHYN
APA,KAPA
CVN,KCVN
FST,KFST
LVS,KLVS
IWS,KIWS
LHX,KLHX
LRU,KLRU
BKD,KBKD
TPL,KTPL
OZA,KOZA
KDM,VRMT
LAK,CYKD
YWJ,CYWJ
ZFN,CZFN
YGH,CYGH
TAH,NVVW
YPC,CYPC
SRZ,SLET
SAB,TNCS
EGE,KEGE
SKN,ENSK
CGF,KCGF
MFD,KMFD
CSG,KCSG
LAW,KLAW
FNL,KFNL
FLG,KFLG
TVL,KTVL
TWF,KTWF
MVY,KMVY
CON,KCON
GON,KGON
STC,KSTC
BPE,ZBDH
GTR,KGTR
GOJ,UWGG
HQM,KHQM
ERI,KERI
HYA,KHYA
SDX,KSEZ
MGW,KMGW
CRW,KCRW
AVP,KAVP
BJI,KBJI
THG,YTNG
FGI,NSFI
BNK,YBNA
FAR,KFAR
MKC,KMKC
RBE,VDRK
GCC,KGCC
TOF,UNTT
PHY,VTPB
CJM,VTSE
JZH,ZUJZ
SWA,ZGOW
\N,LFFE
GEO,SYCJ
AGT,SGES
OGL,SYGO
KAI,PKSA
DNH,ZLDH
AOI,LIPY
CPO,SCHA
TCP,HETB
LYB,MWCL
BJV,LTFE
TBJ,DTKA
SAW,LTFJ
SCE,KUNV
BME,YBRM
NTL,YWLM
\N,BIBA
KLU,LOWK
HFT,ENHF
HVG,ENHV
MEH,ENMH
VDS,ENVD
IKA,OIIE
MHD,OIMM
UIK,UIBS
MEI,KMEI
SPI,KSPI
CEZ,KCEZ
HDN,KHDN
GUP,KGUP
LBL,KLBL
LAA,KLAA
GLD,KGLD
COD,KCOD
HOV,ENOV
ISC,EGHE
SGF,KSGF
NVK,ENNK
BVG,ENBV
FBU,ENFB
NSK,UOOO
AAQ,URKA
JLN,KJLN
ABE,KABE
XNA,KXNA
GUW,UATG
KZO,UAOO
SBN,KSBN
BKA,UUBB
ARH,ULAA
RTW,UWSS
NUX,USMU
NOJ,USRO
SCO,UATE
UCT,UUYH
USK,UUYS
PEX,UUYP
NNM,ULAM
PKV,ULOO
KGP,USRK
KJA,UNKL
KGF,UAKK
\N,UNCC
URJ,USHU
IWA,UUBI
CGQ,ZYCC
KIJ,RJSN
JON,PJON
SMD,KSMD
ACV,KACV
OAJ,KOAJ
TCL,KTCL
DBQ,KDBQ
\N,VHST
ATD,AGAT
AKS,AGGA
BAS,AGGE
FRE,AGGF
MBU,AGGI
IRA,AGGK
SCZ,AGGL
MUA,AGGM
GZO,AGGN
MNY,AGGO
RNL,AGGR
RUS,AGGU
VAO,AGGV
KGE,AGKG
RBV,AGRM
BUA,AYBK
CMU,AYCH
DAU,AYDU
GUR,AYGN
PNP,AYGR
HKN,AYHK
UNG,AYKI
KRI,AYKK
KMA,AYKM
KVG,AYKV
MDU,AYMN
MAS,AYMO
MXH,AYMR
MIS,AYMS
TIZ,AYTA
TBG,AYTB
RAB,AYTK
VAI,AYVN
WBM,AYWD
LLU,BGAP
CNP,BGCO
JFR,BGFH
JGO,BGGN
JJU,BGJH
JSU,BGMQ
JNN,BGNN
JNS,BGNS
NAQ,BGQQ
JHS,BGSS
JUV,BGUK
JQA,BGUQ
GRY,BIGR
THO,BITN
VPN,BIVO
YWS,CAE5
YAA,CAJ4
YWM,CCA6
YFX,CCK4
YHA,CCP4
YRG,CCZ2
YCK,CEB3
YLE,CEM3
SUR,CJV7
YAX,CKB6
WNN,CKL3
YNO,CKQ3
XBE,CNE3
KIF,CNM5
YOG,CNT3
YHP,CPV7
YKU,CSU2
ZTB,CTB6
ZLT,CTU5
YAC,CYAC
YAG,CYAG
XKS,CYAQ
YKG,CYAS
YAT,CYAT
\N,CYAX
YBE,CYBE
YBX,CYBX
YRF,CYCA
YCS,CYCS
YDP,CYDP
YER,CYER
YFA,CYFA
YFH,CYFH
YMN,CYFT
YGB,CYGB
YGO,CYGO
YGT,CYGT
YGW,CYGW
YGX,CYGX
YGZ,CYGZ
YQC,CYHA
CXH,CYHC
YNS,CYHH
YHO,CYHO
YHR,CYHR
YIK,CYIK
YIV,CYIV
AKV,CYKO
YKQ,CYKQ
YPJ,CYLA
YLC,CYLC
YLH,CYLH
YSG,CYSG
XGR,CYLU
YMH,CYMH
YMT,CYMT
YUD,CYMU
YNC,CYNC
YNE,CYNE
YNL,CYNL
YOH,CYOH
YPH,CYPH
YPM,CYPM
YPO,CYPO
YPW,CYPW
YQD,CYQD
YQN,CYQN
YRA,CYRA
YRL,CYRL
YSF,CYSF
YSK,CYSK
YST,CYST
YTL,CYTL
YVZ,CYVZ
YWP,CYWP
YXN,CYXN
YZG,CYZG
ZAC,CZAC
ILF,CZBD
ZBF,CZBF
ZEM,CZEM
ZFD,CZFD
ZGI,CZGI
ZJN,CZJN
ZKE,CZKE
MSA,CZMD
ZMT,CZMT
ZPB,CZPB
ZRJ,CZRJ
ZSJ,CZSJ
ZTM,CZTM
ZUM,CZUM
ZWL,CZWL
BLJ,DABT
CBH,DAOR
BMW,DATM
ELU,DAUO
KMS,DGSI
HDF,EDAH
HEI,EDXB
HGL,EDXH
SJY,EFSI
NQT,EGBN
DSA,EGCN
CAL,EGEC
EOI,EGED
FIE,EGEF
NRL,EGEN
PPW,EGEP
SOY,EGER
NDY,EGES
LWK,EGET
WRY,EGEW
LEQ,EGHC
PZE,EGHK
VLY,EGOV
BRR,EGPR
CFN,EIDL
\N,EIWT
CNL,EKSN
LKN,ENLK
OSY,ENNM
MQN,ENRA
RVK,ENRM
RET,ENRS
SDN,ENSD
SOG,ENSG
SVJ,ENSH
SOJ,ENSR
VAW,ENSS
VRY,ENVR
BZG,EPBY
LCJ,EPLL
OSD,ESNZ
HFS,ESOH
KSD,ESOK
TYF,ESST
AGH,ESTA
SQO,ESUD
HMV,ESUT
VTS,EVVA
QRA,FAGM
MQP,FAKN
AAM,FAMD
MBD,FAMM
GNZ,FBGZ
ORP,FBOR
SWX,FBSW
TLD,FBTL
DIS,FCPL
CIP,FLCP
SLI,KSLI
YVA,FMCN
WAQ,FMMG
JVA,FMMK
BMD,FMML
MXT,FMMO
TVA,FMMR
WTA,FMMU
WTS,FMMX
WAM,FMMZ
WPB,FMNG
\N,FMNJ
DWB,FMNO
WMP,FMNP
TTS,KTTS
WMA,FMNX
MJA,FMSJ
CBT,FNCT
DUE,FNDU
VPE,FNGI
MSZ,FNMO
KOU,FOGK
MJL,FOGM
TCH,FOOT
VPY,FQCH
SRH,FTTA
CMK,FWCM
LUD,FYLZ
OND,FYOA
OMD,FYOG
SWP,FYSM
ERS,FYWE
BOA,FZAJ
MAT,FZAM
INO,FZBA
NIO,FZBI
KRZ,FZBT
BSU,FZEN
TSH,FZUK
LJA,FZVA
PFR,FZVS
GMZ,GCGM
BTE,GFBN
KBS,GFBO
KEN,GFKE
OXB,GGOV
SMW,GMMA
VIL,GMMH
ESU,GMMI
EUN,GMML
NDR,GMMW
RAI,GVNP
SFL,GVSF
BCO,HABC
BEI,HABE
DSE,HADC
DEM,HADD
GDE,HAGO
GOR,HAGR
ABK,HAKD
MTF,HAMT
TIE,HATP
ALU,HCMA
BSA,HCMF
MGQ,HCMM
GLK,HCMR
BUO,HCMV
AAC,HEAR
ATZ,HEAT
ASV,HKAM
LKG,HKLK
MYD,HKML
NYK,HKNY
SRX,HLGD
TOB,HLGN
MJI,HLLM
LAQ,HLLQ
ATB,HSAT
UYL,HSNN
PZU,HSPN
BKZ,HTBU
TKQ,HTKA
LDI,HTLI
MUZ,HTMU
SHY,HTSY
TBO,HTTB
RUA,HUAR
ULU,HUGU
DIU,VA1P
ABR,KABR
ABY,KABY
AHN,KAHN
ALM,KALM
ALO,KALO
ALW,KALW
APN,KAPN
ATY,KATY
BFD,KBFD
BFF,KBFF
BKW,KBKW
BQK,KBQK
BRL,KBRL
CEC,KCEC
CGI,KCGI
CIU,KCIU
CKB,KCKB
CLM,KCLM
CMX,KCMX
DDC,KDDC
DUJ,KDUJ
EAU,KEAU
EKO,KEKO
EWB,KEWB
FAY,KFAY
GGW,KGGW
GRI,KGRI
HOT,KHOT
HTS,KHTS
KIO,Q51
IRK,KIRK
JMS,KJMS
LAR,KLAR
LBE,KLBE
LBF,KLBF
LEB,KLEB
LMT,KLMT
LNS,KLNS
LWT,KLWT
LYH,KLYH
MKG,KMKG
MLS,KMLS
MSL,KMSL
OTH,KOTH
OWB,KOWB
PIB,KPIB
PIH,KPIH
PIR,KPIR
PLN,KPLN
PSM,KPSM
RDG,KRDG
RHI,KRHI
RKS,KRKS
RUT,KRUT
SBP,KSBP
SHR,KSHR
SLK,KSLK
SLN,KSLN
SMX,KSMX
TUP,KTUP
UIN,KUIN
VCT,KVCT
VLD,KVLD
WRL,KWRL
YKM,KYKM
ECN,LCEN
RJL,LELO
IDY,LFEY
ANE,LFJR
LTT,LFTZ
JSY,LGSO
PEV,LHPP
QGY,LHPR
SOB,LHSM
AOT,LIMW
QSR,LIRI
CVU,LPCR
BNX,LQBK
USQ,LTBO
KSY,LTCF
SFQ,LTCH
KCM,LTCN
AJI,LTCO
ADF,LTCP
ISE,LTFC
EDO,LTFD
SZF,LTFH
ILZ,LZZI
GDT,MBGT
MDS,MBMC
SLX,MBSY
AZS,MDCY
JBQ,MDJB
PBR,MGPB
AAZ,MGQZ
UTK,03N
AHS,MHAH
PEU,MHPL
MIJ,MLIP
CYW,MMCY
CUA,MMDA
GUB,MMGR
JAL,MMJA
CTD,MPCE
ONX,MPEJ
JQE,MPJE
PLP,MPLP
TTQ,MRAO
BCL,MRBC
TNO,MRCV
PBP,MRIA
PJM,MRPJ
SYQ,MRPV
\N,MRSR
JEE,MTJE
PAX,MTPX
\N,MUOC
TND,MUTD
COX,MYAK
ATC,MYCA
CAT,MYCB
CRI,MYCI
PID,MYPI
AIU,NCAT
MGS,NCMG
MHX,NCMH
MUK,NCMK
MOI,NCMR
PYE,NCPY
ICI,NFCI
PTF,NFFO
KDV,NFKD
MNF,NFMA
MFJ,NFMO
NGI,NFNG
LKB,NFNK
LBS,NFNL
TVU,NFNM
KXF,NFNO
RTA,NFNR
SVU,NFNS
EUA,NFTE
HPA,NFTL
NFO,NFTO
NTT,NFTP
VBV,NFVB
IUE,NIUE
FUT,NLWF
MXS,NSMA
APK,NTGD
AHE,NTHE
AUQ,NTMN
UAP,NTMP
UAH,NTMU
MTV,NVSA
SLH,NVSC
TOH,NVSD
EAE,NVSE
CCV,NVSF
LOD,NVSG
SSR,NVSH
PBJ,NVSI
LPM,NVSL
LNB,NVSM
MWF,NVSN
LNE,NVSO
NUS,NVSP
ZGU,NVSQ
RCL,NVSR
SON,NVSS
TGH,NVST
ULB,NVSU
VLS,NVSV
SWJ,NVSX
OLZ,NVSZ
AUY,NVVA
AWD,NVVB
DLY,NVVD
FTA,NVVF
IPA,NVVI
TGJ,NWWA
BMY,NWWC
ILP,NWWE
FBD,OAFZ
DWD,OEDW
AJF,OESK
EWD,OEWD
KHD,OICK
BXR,OIKM
RJN,OIKR
BJB,OIMN
AFZ,OIMS
NSH,OINN
SRY,OINZ
LRR,OISL
ADU,OITL
OMH,OITR
AAN,OMAL
BNP,OPBN
BHV,OPBW
CJL,OPCH
DBA,OPDB
DEA,OPDG
DSK,OPDI
JIW,OPJI
HDD,OPKD
KDD,OPKH
ORW,OPOR
PAJ,OPPC
KDU,OPSD
SYW,OPSN
TUK,OPTU
ISU,ORSU
KAC,OSKL
GXF,OYSY
ADK,PADK
GST,PAGS
SGY,PAGY
HCR,PAHC
HNS,PAHN
KLG,PALG
MCG,PAMC
MOU,PAMO
ANI,PANI
VAK,PAVA
WRG,PAWG
LUP,PHLU
ENT,PKMA
LZN,RCFG
HCN,RCKW
MFK,RCMT
KUH,RJCK
OKD,RJCO
HSG,RJFS
NKM,RJNA
IWJ,RJOW
FKS,RJSF
ONJ,RJSR
SYO,RJSY
MYE,RJTQ
KUV,RKJK
MPK,RKJM
WJU,RKNW
YNY,RKNY
HIN,RKPS
CJJ,RKTU
SFS,RPLB
CYU,RPLO
\N,RPMB
CGM,RPMH
JOL,RPMJ
SGS,RPMN
SUG,RPMS
TDG,RPMW
WNP,RPUN
BSO,RPUO
SFE,RPUS
TUG,RPUT
VRC,RPUV
CYP,RPVC
CRM,RPVF
MBT,RPVJ
RXS,RPVR
TTG,SAST
LHS,SAVH
OES,SAVN
ING,SAWA
GGS,SAWR
SST,SAZL
NEC,SAZO
JDO,SBJU
LEC,SBLE
MEA,SBME
MII,SBML
VDC,SBQV
RIA,SBSM
TOW,SBTD
ESR,SCES
ZPC,SCPC
SOD,SDCO
SCY,SEST
LOH,SETM
ESM,SETN
PSY,SFAL
CRC,SKGO
GLJ,SKGZ
LQM,SKLG
LPD,SKLP
NQU,SKNQ
PDA,SKPD
EYP,SKYP
GYA,SLGY
PUR,SLPR
RIB,SLRI
REY,SLRY
SRJ,SLSB
ORG,SMZO
MVS,SNMU
LHC,SPBC
CJA,SPJR
HUU,SPNC
NZC,SPZA
SRA,SSZR
MDO,SUPE
MYC,SVBS
VIG,SVVG
JPR,SWJI
BBQ,TAPH
DSD,TFFA
BBR,TFFB
SFC,TFFC
GBJ,TFFM
NEV,TKPN
VIJ,TUPW
BQU,TVSB
UNI,TVSU
KOV,UACK
PPK,UACP
DZN,UAKD
UKK,UASK
KSN,UAUU
KVD,UBBG
NAJ,UBBN
CNN,UELL
PYJ,UERP
CKH,UESO
CYX,UESS
IKS,UEST
KXK,UHKK
DYR,UHMA
OHO,UHOO
UJE,UJAP
MPW,UKCM
VSG,UKCW
OZH,UKDE
KWG,UKDR
HRK,UKHH
IFO,UKLI
CWC,UKLN
RWN,UKLR
UDJ,UKLU
CSH,ULAS
CEE,ULBC
AMV,ULDD
KSZ,ULKK
PES,ULPB
GNA,UMMG
MVQ,UMOO
EIE,UNII
KYZ,UNKY
NOZ,UNWW
HTG,UOHH
IAA,UOII
GRV,URMG
NAL,URMN
OGZ,URMO
ESL,URWI
WKK,5A8
BLF,KBLF
GLH,KGLH
PSC,KPSC
KQA,KQA
LPS,S31
SLY,USDD
HMA,USHH
NYA,USHN
OVS,USHS
IJK,USII
KVX,USKK
NYM,USMM
RAT,USNR
NFG,USRN
KRO,USUU
LBD,UTDL
AZN,UTKA
FEG,UTKF
NMA,UTKN
NCU,UTNN
UGC,UTNU
KSQ,UTSL
TMJ,UTST
RYB,UUBK
EGO,UUOB
URS,UUOK
LPK,UUOL
VKT,UUYW
UUA,UWKB
JOK,UWKJ
CSY,UWKS
ULY,UWLW
OSW,UWOR
PEZ,UWPP
SKX,UWPS
BWO,UWSB
HBX,VAHB
KCT,VCCK
WRZ,VCCW
BBM,VDBG
SHL,VEBI
GAU,VEGT
DMU,VEMR
TEZ,VETZ
BZL,VGBR
OUI,VLHS
BHR,VNBP
BDP,VNCG
MEY,VNMG
KEP,VNNG
GAN,VRMG
HAQ,VRMH
KDO,VRMK
MAQ,VTPM
BMV,VVBM
HPH,VVCI
CXR,VVCR
VCS,VVCS
VCA,VVCT
DIN,VVDB
UIH,VVPC
PXU,VVPK
VII,VVVH
BMO,VYBM
TVY,VYDW
KAW,VYKT
LIW,VYLK
MNU,VYMM
BSX,VYPN
PKK,VYPU
SWQ,WADS
TMC,WADT
BUI,WAJB
SEH,WAJS
TJS,WALG
DTD,WALJ
BEJ,WALK
TJG,WAON
SMQ,WAOS
LUV,WAPL
ARD,WATM
BLG,WBGC
LGL,WBGF
ODN,WBGI
MKM,WBGK
BKM,WBGQ
LWY,WBGW
BBN,WBGZ
TMG,WBKM
KUD,WBKT
TKG,WIAT
HLP,WIHH
NTX,WION
PSU,WIOP
SQG,WIOS
PDO,WIPQ
LSW,WITM
PKG,WMPA
LBW,WRLB
NNX,WRLF
LPU,WRLP
ALH,YABA
GYL,YARG
AUU,YAUR
BCI,YBAR
BDD,YBAU
BVI,YBDV
BHQ,YBHI
HTI,YBHM
BEU,YBIE
BRK,YBKE
BUC,YBKT
GIC,YBOI
OKY,YBOK
BQL,YBOU
BHS,YBTH
BLT,YBTR
CVQ,YCAR
CAZ,YCBA
CPD,YCBP
CNC,YCCT
CNJ,YCCY
CED,YCDU
CTN,YCKN
CMA,YCMU
CNB,YCNM
CUQ,YCOE
OOM,YCOM
DMD,YDMG
NLF,YDNI
DPO,YDPO
ELC,YELD
EPR,YESP
FLS,YFLI
GET,YGEL
GLT,YGLA
GTE,YGTE
GFF,YGTH
HID,YHID
HOK,YHOO
MHU,YHOT
HGD,YHUG
JCK,YJLC
KAX,YKBR
KNS,YKII
KFG,YKKG
KRB,YKMB
KWM,YKOW
KUG,YKUB
LNO,YLEO
LEL,YLEV
LDH,YLHI
IRG,YLHR
LSY,YLIS
LHG,YLRD
LRE,YLRE
LER,YLST
LVO,YLTN
UBB,YMAA
MKR,YMEK
MIM,YMER
MGT,YMGB
MNG,YMGD
MCV,YMHU
MQL,YMIA
MMG,YMOG
MRZ,YMOR
MOV,YMRB
MYA,YMRY
MGB,YMTG
ONG,YMTI
MYI,YMUI
MBH,YMYB
NRA,YNAR
NAA,YNBR
NTN,YNTN
ZNE,YNWN
OLP,YOLD
PUG,YPAG
PMK,YPAM
PBO,YPBO
CCK,YPCC
GOV,YPGV
PKE,YPKS
PLO,YPLC
EDR,YPMP
PQQ,YPMQ
PTJ,YPOD
ULP,YQLP
RAM,YRNG
RMA,YROM
SGO,YSGE
MJK,YSHK
SBR,YSII
SRN,YSRN
XTG,YTGM
TCA,YTNK
VCD,YVRD
SYU,YWBS
WNR,YWDH
WYA,YWHA
WUN,YWLU
WOL,YWOL
WIN,YWTN
BWT,YWYY
OKR,YYKI
XMY,YYMI
NAY,ZBNY
CIF,ZBCF
CIH,ZBCZ
DAT,ZBDT
HET,ZBHH
BAV,ZBOW
SJW,ZBSJ
TGO,ZBTL
HLH,ZBUL
XIL,ZBXH
BHY,ZGBH
CGD,ZGCD
DYG,ZGDY
MXZ,ZGMX
ZUH,ZGSD
LZH,ZGZH
ZHA,ZGZJ
ENH,ZHES
NNY,ZHNY
XFN,ZHXF
YIH,ZHYC
AKA,ZLAK
GOQ,ZLGM
HZG,ZLHZ
IQN,ZLQY
XNN,ZLXN
ENY,ZLYA
UYN,ZLYL
AVK,ZMAH
LTI,ZMAT
BYN,ZMBH
DLZ,ZMDZ
HVD,ZMKD
MXV,ZMMN
DIG,ZPDQ
LUM,ZPLX
SYM,ZPSM
ZAT,ZPZT
KOW,ZSGZ
JDZ,ZSJD
JIU,ZSJJ
JUZ,ZSJU
LYG,ZSLG
HYN,ZSLQ
LYI,ZSLY
JJN,ZSQZ
TXN,ZSTX
WEF,ZSWF
WEH,ZSWH
WUX,ZSWX
WUS,ZSWY
WNZ,ZSWZ
YNZ,ZSYN
YIW,ZSYW
HSN,ZSZS
BPX,ZUBD
DAX,ZUDX
GYS,ZUGU
LZO,ZULZ
MIG,ZUMY
NAO,ZUNC
LZY,ZUNZ
WXN,ZUWX
AKU,ZWAK
IQM,ZWCM
KCA,ZWKC
KRL,ZWKL
KRY,ZWKM
YIN,ZWYN
HEK,ZYHE
JMU,ZYJM
JNZ,ZYJZ
NDG,ZYQQ
YNJ,ZYYJ
WKL,HI07
WME,YMNE
LRV,SVRS
IOR,EIIM
NNR,EICA
GTI,EDCG
NBB,USHB
\N,EPSD
ORH,KORH
AQG,ZSAQ
SHP,ZBSH
YCU,ZBYC
\N,ZLAN
JGN,ZLJQ
DSN,ZBDS
PWT,KPWT
SPW,KSPW
JEF,KJEF
\N,EDMT
UNT,EGPW
\N,WA19
PVC,KPVC
\N,WBAK
SBH,TFFJ
KMW,UUBA
SUI,UGSS
TBW,UUOT
OBN,EGEO
ERM,SSER
\N,LSGP
CVF,LFLJ
FUL,KFUL
\N,KJQF
\N,EGHN
NVI,UTSA
\N,LFCD
\N,EDOI
QSF,DAAS
LRH,LFBH
SUN,KSUN
\N,LSGY
\N,EPBA
MCW,KMCW
AZA,KIWA
XAU,SOOS
\N,NZTL
\N,LOGO
\N,LOAV
\N,EDHE
AKP,PAKP
ANV,PANV
ATK,PATQ
GAM,PAGM
HPB,PAHP
KAL,PAKV
KSM,PASM
KVL,PAVL
MYU,PAMY
RBY,PARY
SHH,PASH
SVA,PASA
WTK,PAWN
OMC,RPVO
YPX,CYPX
YTQ,CYTQ
ARC,PARC
QOW,DNIM
FON,MRAN
TMU,MRTR
CYZ,RPUY
KVK,ULMK
GVR,SBGV
PJA,ESUP
QBC,CYBD
HGR,KHGR
ACR,SKAC
GOP,VEGK
SDP,PASD
HMI,ZWHM
WUZ,ZGWZ
TBH,RPVU
ACP,OITM
GBT,OING
IIL,OICI
PFQ,OITP
\N,SPCH
TCG,ZWTC
MQM,LTCR
AFS,UTSN
DRG,PADE
LEN,LELN
RGS,LEBG
EGM,AGGS
CQD,OIFS
DHM,VIGG
NDC,VAND
SLV,VISM
IGG,PAIG
KNW,PANW
KVC,PAVC
PTH,PAPH
TOG,PATG
EGN,HSGN
LKH,WBGL
WLH,NVSW
CHG,ZYCY
UAS,HKSB
BHG,MHBL
YVB,CYVB
SKT,OPST
PDP,SULS
WVB,FYWB
MPA,FYKM
AOE,LTBY
CKZ,LTBH
MSR,LTCK
SIC,LTCM
TEQ,LTBU
YEI,LTBR
LSS,TFFS
KMV,VYKL
VQS,TJCG
YIF,CYIF
HDM,OIHH
MRQ,RPUW
GFN,YGFN
OAG,YORG
TRO,YTRE
COQ,ZMCD
HOJ,LOIH
\N,EDWM
\N,LOAG
ESC,KESC
YAK,PAYA
GUL,YGLB
CES,YCNK
NSO,YSCO
DGE,YMDG
MTL,YMND
CPX,TJCP
\N,LSTA
\N,UMMB
\N,LSPA
\N,LSZT
MWA,KMWA
BMQ,KBMQ
OKB,KOKB
\N,EDAS
KIK,ORKK
IUD,OTBH
GBZ,NZGB
IMT,KIMT
\N,KMQT
AET,PFAL
\N,EDLD
\N,EDVI
\N,RJAN
MGC,KMGC
SWD,PAWD
GRM,KCKC
AUW,KAUW
\N,EKKL
MYP,UTAM
\N,YBUU
LKS,LKSZ
\N,FVSV
MVA,BIRL
QSA,LELL
WSY,YWHI
MIE,KMIE
LAF,KLAF
\N,KGEO
VGT,KVGT
ENW,KENW
MTJ,KMTJ
RIW,KRIW
PDT,KPDT
LYM,EGMK
PKH,LGHL
\N,LOWZ
\N,YAMB
KTR,YPTN
\N,YLVT
NOA,YSNW
UKC,UKLC
CEJ,UKRR
TNL,UKLT
BQT,UMBB
OSH,KOSH
\N,EDXP
AGE,EDWG
\N,YPEA
\N,YBDG
EAT,KEAT
ARE,TJAB
RIN,AGRC
\N,UIKK
UKX,UITT
RMT,NTAM
\N,LSPN
QLS,LSGL
\N,LSZK
ZJI,LSZL
QNC,LSGN
\N,URRT
GDZ,URKG
\N,UUBW
\N,UHHT
\N,UHKD
\N,UIIB
IAR,UUDL
OHE,ZYMH
JNG,ZLJN
DRK,MRDK
\N,LQTZ
\N,KNFW
NYT,VYEL
\N,VYXG
ZXB,ENJA
\N,VYBP
WUA,ZBUH
GYY,KGYY
BRD,KBRD
LWB,KLWB
PGV,KPGV
CYF,PACK
OXR,KOXR
TEN,ZUTR
NIU,NTKN
SCH,KSCH
NBC,UWKE
\N,EHVK
IAO,RPNS
LGO,EDWL
\N,LSZP
NLP,FANS
CKC,UKKE
UST,KSGJ
NLV,UKON
RHP,VNRC
STS,KSTS
ISM,KISM
LCQ,KLCQ
\N,KDED
\N,7FL4
\N,SLPA
LGU,KLGU
BMC,KBMC
MLD,KMLD
ASE,KASE
ULV,UWLL
ERV,KERV
\N,LSZF
GED,KGED
ZSW,CZSW
GBN,KGBD
HYS,KHYS
SUS,KSUS
LYU,KELO
GPZ,KGPZ
TVF,KTVF
EGV,KEGV
ARV,KARV
IKV,KIKV
YBV,CYBV
NGP,KNGP
AVX,KAVX
MHV,KMHV
ZIN,LSMI
INQ,EIIR
SWT,UNSS
HUT,KHUT
\N,OAIX
\N,OEPS
STJ,KSTJ
\N,LHPA
NDZ,KNDZ
VOK,KVOK
GUC,KGUC
SIA,ZLSN
TOA,KTOA
MBL,KMBL
PGD,KPGD
WFK,KFVE
JHW,KJHW
YTM,CYFJ
SME,KSME
SHD,KSHD
DVL,KDVL
DIK,KDIK
SDY,KSDY
CDR,KCDR
AIA,KAIA
MCK,KMCK
MTH,KMTH
GDV,KGDV
OLF,KOLF
WYS,KWYS
ALS,KALS
CNY,KCNY
ELY,KELY
VEL,KVEL
SRR,KSRR
SOW,KSOW
MYL,KMYL
SMN,KSMN
MMH,KMMH
FRD,KFHR
ESD,KORS
AST,KAST
ONP,KONP
EMK,PAEM
UNK,PAUN
UUK,PAKU
SHX,PAHX
NUI,PAQT
EEK,PAEE
KUK,PFKA
KWT,PFKW
KWK,PAGG
MLL,PADM
RSH,PARS
KGK,PAJZ
KMO,PAMB
CIK,PACI
EAA,PAEG
HUS,PAHU
HSL,PAHL
NUL,PANU
VEE,PAVE
WBQ,PAWB
CEM,PACE
SHG,PAGH
IYK,KIYK
VIS,KVIS
MCE,KMCE
CYR,SUCA
CPQ,SDAM
\N,KGYR
TWB,YTWB
\N,YLLE
\N,YGAT
AYK,UAUR
\N,EDTN
AGN,PAGN
ELV,PAEL
FNR,PANR
HNH,PAOH
AFE,PAFE
MTM,PAMM
HYG,PAHY
EGX,PAII
KPV,PAPE
PIP,PAPN
WSN,PFWS
AKK,PAKH
KYK,PAKY
KLN,PALB
ABL,PAFM
BKC,PABL
IAN,PAIK
OBU,PAOB
ORV,PFNO
WLK,PASK
KTS,PFKT
ELI,PFEL
GLV,PAGL
TLA,PATE
WAA,PAIW
WMO,PAWM
KKA,PAKK
SMK,PAMK
SKK,PFSH
TNC,PATC
AKB,PAAK
CYT,PACY
AUK,PAUK
KPN,PAKI
KFP,PAKF
NLG,PAOU
PML,PAAL
KLW,PAKW
KWN,PAQH
KOT,PFKO
KYU,PFKU
SCM,PACM
NNL,PANO
KKH,PADY
NIB,PAFS
AKI,PFAK
AIN,PAWI
APZ,SAHZ
RDS,SAHS
PNT,SCNT
SGV,SAVS
IGB,SAVJ
NCN,PFCB
TKJ,PFTO
IRC,PACR
SLQ,PASL
HKB,PAHV
AQC,PAQC
MHM,PAMH
MLY,PAML
\N,CNH2
YSO,CCD4
YWB,CYKG
YTF,CYTF
YGV,CYGV
YXK,CYXK
XTL,CYBQ
XLB,CZWH
XSI,CZSN
YBT,CYBT
ZGR,CZGR
YCR,CYCR
YRS,CYRS
YOP,CYOP
YBY,CYBF
ZNA,CAC8
YGG,CAX6
YJM,CYJM
YDT,CZBB
\N,CYNJ
ZEL,CYJQ
YFJ,CFJ2
\N,MM52
\N,MMSL
RNI,MNCI
BZA,MNBZ
RFS,MNRT
SIU,MNSI
WSP,MNWP
\N,MNSC
PLD,MRCR
COZ,MDCZ
NEG,MKNG
RVR,TJRV
SPB,VI22
ARR,SAVR
JSM,SAWS
UYU,SLUY
ABF,NGAB
\N,SMAF
\N,SMDU
ABN,SMBN
DRJ,SMDA
\N,SMKA
\N,SMKE
\N,SMSM
\N,SMMO
ICK,SMNI
OEM,SMPA
\N,SMSI
SMZ,SMST
TOT,SMCO
AGI,SMWA
CSC,MRCA
ORJ,SYOR
NAI,SYAN
\N,SYAP
IMB,SYIB
KAR,SYKM
USI,SYMB
MHA,SYMD
PJC,SGPJ
ACD,SKAD
RVE,SKSA
\N,UEBB
VGZ,SKVG
EBG,SKEB
CAQ,SKCU
COG,SKCD
TLU,SKTL
CFB,SBCB
OPS,SWSI
GRP,SWGI
CMP,SNKE
BVS,SNVS
SFK,SNSW
PIN,SWPI
BRA,SNBR
STZ,SWST
MQH,SBMC
AUX,SWGN
NVP,SWNA
LVR,SWFE
FRC,SIMK
DOU,SSDO
LBR,SWLB
ROO,SWRD
GPB,SBGU
JCB,SSJA
RVD,SWLC
AAX,SBAX
MBZ,SWMW
RBB,SWBR
CIZ,SWKO
BAZ,SWBC
DMT,SWDM
GNM,SNGI
QDJ,DAFI
NZA,FNZG
LBZ,FNLK
AMC,FTTN
GSQ,HEOW
MRB,KMRB
AWA,HALA
JIJ,HAJJ
MKS,HAMA
DBM,HADM
DBT,HADT
QHR,HAHM
GOB,HAGB
MYB,FOOY
MRE,HKMS
\N,HKMK
RBX,HSMK
\N,HSYE
CPA,GLCP
\N,LSGE
\N,FQIA
MAX,GOSM
BDI,FSSB
WHF,HSSW
\N,HUKD
\N,HUKT
PAF,HUPA
\N,ENSA
\N,ENAS
HTY,LTDA
\N,EEKU
\N,EERU
RVV,NTAV
ILD,LEDA
\N,LFEC
BIU,BIBD
GJR,BIGJ
SAK,BIKR
\N,BISF
IIA,EIMN
TDK,UAAT
ULG,ZMUL
\N,UTDT
VGD,ULWW
\N,UHMW
\N,UERO
\N,UERS
LDG,ULAL
\N,UIUN
\N,UNIW
\N,UERA
\N,USSK
\N,UNIB
\N,UNBI
HSK,LEHC
CQM,LERL
NJF,ORNI
CSA,EGEY
RKH,KUZA
AGC,KAGC
\N,KVQQ
FTY,KFTY
TSO,EGHT
TII,OATN
ZAJ,OAZJ
CCN,OACC
FUG,ZSFY
LCX,ZSLD
ACX,ZUYI
HZH,ZUNP
\N,UB13
OSU,KOSU
ADS,KADS
DTS,KDTS
KHE,UKOH
SZS,NZRC
\N,FSAS
HJJ,ZGCJ
YQI,CYQI
ISO,KISO
FFA,KFFA
\N,SWMK
CKS,SBCJ
\N,SNCW
MWK,WIOM
\N,EDFW
\N,LPAV
\N,ETNP
PGU,OIBP
YES,OISY
OSB,ORBM
TJH,RJBT
AXJ,RJDA
KKX,RJKI
AGJ,RORA
\N,ZMDN
UGA,ZMBN
ULO,ZMUG
BPR,RPVW
LBX,RPLU
TJU,UTDK
TAZ,UTAT
BWB,YBWX
DRB,YDBY
WGE,YWLG
BRT,YBTI
DKI,YDKI
LZR,YLZI
HLT,YHML
HCQ,YHLC
FIZ,YFTZ
RVT,YNRV
\N,YWKS
PVU,KPVU
SBS,KSBS
DTA,KDTA
RIF,KRIF
PUC,KPUC
LAM,KLAM
HII,KHII
INW,KINW
DGL,KDGL
MZK,NGMK
AEA,NGTB
AAK,NGUK
KUC,NGKT
AIS,NGTR
TMN,NGTM
BEZ,NGBR
NIG,NGNU
BBG,NGTU
MTK,NGMN
MNK,NGMA
NON,NGTO
TSU,NGTS
WTZ,NZWT
KTF,NZTK
AFT,AGAF
RNA,AGAR
CHY,AGGC
NNB,AGGT
XYA,AGGY
BOW,KBOW
\N,UUBD
FTI,NSFQ
LVK,KLVK
RMY,KMPI
GFY,FYGF
NDU,FYRU
AGM,BGAM
TRM,KTRM
SMO,KSMO
UDD,KUDD
ZSY,KSDL
OLM,KOLM
DWA,KDWA
RIL,KRIL
SAA,KSAA
PDK,KPDK
BMG,KBMG
SUA,KSUA
MMU,KMMU
APC,KAPC
SDM,KSDM
\N,LSPV
VNC,KVNC
PHK,KPHK
ECP,KECP
SBD,KSBD
VAL,SNVB
CAU,SNRU
AWK,PWAK
QNV,SDNY
SQL,KSQL
\N,LSZJ
OSZ,EPKO
\N,FBCO
RWI,KRWI
\N,PAWR
SXQ,PASX
SEE,KSEE
\N,KNUC
PHA,VVPR
SQH,VVNS
TKF,KTRK
FRJ,LFTU
GEX,YGLG
\N,ULAE
\N,ULAH
RYY,KRYY
\N,LOXT
4U9,K4U9
LVM,KLVM
6S0,K6S0
BIV,KBIV
\N,EGLW
\N,LIPV
\N,EECL
HEN,EFHE
\N,EDRI
\N,UT25
\N,EHHV
\N,EHTX
\N,LECD
LAL,KLAL
\N,UUOS
SYH,VNSB
IDL,KIDL
\N,UNKM
RBK,KF70
FNU,LIER
\N,EGLM
MYQ,VOMY
PCW,KPCW
MGY,KMGY
RID,KRID
FDY,KFDY
\N,CZBA
PEA,YPSH
EBE,EBEN
EMP,KEMP
ESX,ESSE
\N,EGTB
BBP,EGHJ
\N,CCW3
SPF,KSPF
\N,EBKW
\N,YRED
QYD,EPOK
\N,EPMB
\N,EPLK
\N,EPMI
\N,EPKS
OLV,KOLV
\N,SCVM
\N,CNC3
ONQ,LTAS
BJC,KBJC
SLE,KSLE
UTM,KUTA
\N,UA30
ZKB,FLKY
LND,KLND
\N,EHHO
\N,EHTE
\N,EHMZ
\N,EHAL
\N,LFPZ
MWC,KMWC
JVL,KJVL
\N,FXMN
GKY,KGKY
LZU,KLZU
BWG,KBWG
RVS,KRVS
NHD,OMDM
KGO,UKKG
\N,EDAW
DBB,HEAL
BCE,KBCE
\N,KBUY
CKL,UUMU
TCZ,ZUTC
UKS,UKFB
\N,EHDP
\N,OAZI
JCI,KIXD
ESN,KESN
HMR,ENHA
\N,ENRI
MYV,KMYV
\N,YPID
DUC,KDUC
UVA,KUVA
LOT,KLOT
CCR,KCCR
OCA,07FA
\N,LFGC
\N,EDRN
YUS,ZYLS
YOO,CYOO
\N,EDLM
\N,ESNF
LHA,EDTL
\N,VYMY
\N,KUNI
SGH,KSGH
MSI,SIAM
\N,GMFU
HEX,MDHE
CDA,YCOO
JAB,YJAB
\N,EDNR
HGS,GFHA
TOP,KTOP
\N,2XS8
\N,K2I3
\N,KMQY
\N,KUOS
NGQ,ZUAL
CSO,EDBC
TKI,KTKI
PWK,KPWK
KLS,KKLS
\N,LKBE
\N,GABG
ZTA,NTGY
\N,NZIR
\N,HKKE
PUE,MPOA
KHC,UKFK
UKA,HKUK
ILN,KILN
AVW,KAVQ
CGZ,KCGZ
\N,1AZ0
BXK,KBXK
E63,KE63
MMI,KMMI
STK,KSTK
RWL,KRWL
YZY,CYZY
CDW,KCDW
AIZ,KAIZ
TVI,KTVI
HSH,KHND
GML,UKKM
TMA,KTMA
\N,EDML
\N,EDHF
QXR,EPRA
DVT,KDVT
\N,CYBW
YGE,CYGE
YRV,CYRV
\N,KFRG
\N,EDBT
\N,SCIC
\N,EDVP
HDO,KHDO
ZHY,ZLZW
MCL,PAIN
LHD,PALH
PPC,PAPR
KHW,FBKR
\N,EDCY
TXG,RCLG
HLG,KHLG
FZG,KFZG
XYE,VYYE
\N,SCFX
\N,OESB
DWC,OMDW
RKP,KRKP
MVV,LFHM
MFX,LFKX
OKF,FYOO
OKU,FYMO
\N,EDXQ
\N,EDKN
\N,EDWO
\N,EDCB
\N,EDHM
\N,EDWQ
\N,EDXI
\N,EDWC
\N,EDLB
\N,EDCO
\N,EDVH
\N,EDHB
\N,EKTD
\N,EDVC
\N,EDVU
\N,EDLH
\N,EDOJ
\N,EDVY
\N,EDKO
\N,EDVW
\N,EDXN
\N,EDCK
\N,EDXM
\N,EDVS
\N,EDWK
\N,EDWH
\N,EDVR
\N,EDLT
PSH,EDXO
\N,EDHC
\N,EDCL
\N,EDBG
CKF,KCKF
OMN,KOMN
\N,EDRA
\N,EDRF
TTD,KTTD
HIO,KHIO
\N,NK39
\N,EDKL
\N,EDRV
KHT,OAKS
\N,VYNT
\N,KBDN
\N,K62S
\N,KBNO
\N,KS39
\N,KRBL
\N,KDVO
\N,KLKV
\N,KTMK
\N,KONO
\N,KDLS
GAI,KGAI
AZ3,OASA
YTA,CYTA
TSB,FYTM
YSD,CYSD
BNU,SSBL
CVX,KCVX
\N,EKMS
YCC,CYCC
\N,EHSE
\N,LSTS
IZA,SDZY
XFL,KXFL
MVL,KMVL
RBD,KRBD
\N,LILY
WST,KWST
BID,KBID
NME,PAGT
OOK,PAOO
OBY,BGSC
VIN,UKWW
BGE,KBGE
\N,CTT5
ZKG,CTK6
YBI,CCE4
SPZ,KSPZ
WHP,KWHP
MAE,KMAE
YZZ,CAD4
\N,CAP5
YAB,CJX7
BCV,PABV
\N,SOGS
MPY,SOOA
LDX,SOOM
KJI,ZWKN
CPB,SKCA
HMB,HEMK
RVY,SURV
POJ,SNPD
JTC,SJTC
OIA,SDOW
RDC,SNDC
SXX,SNFX
BYO,SJDB
SXO,SWFX
CFC,SBCD
CAF,SWCA
\N,SWUY
ERN,SWEI
CCI,SSCK
FBE,SSFB
CFO,SJHG
AAF,KAAF
UMU,SSUM
DTI,SNDT
FBA,SWOB
OLC,SDCG
HUW,SWHT
IRZ,SWTP
ORX,SNOX
UNA,SBTC
TEF,YTEF
GZP,LTGP
DQH,KDQH
FRP,KFPR
TAN,KTAN
PYM,KPYM
OQU,KOQU
OWD,KOWD
BAF,KBAF
IJD,KIJD
MGJ,KMGJ
CXY,KCXY
GHG,KGHG
DXR,KDXR
ASH,KASH
LWM,KLWM
OXC,KOXC
FIT,KFIT
\N,20GA
VPC,KVPC
PYP,KPYP
RMG,KRMG
GAD,KGAD
DKX,KDKX
WDR,KWDR
JYL,KJYL
DNN,KDNN
CTJ,KCTJ
LGC,KLGC
MLJ,KMLJ
PIM,KPIM
FFC,KFFC
GVL,KGVL
PHD,KPHD
UDG,KUDG
HHH,KHXD
DNL,KDNL
MRN,KMRN
PBX,KPBX
\N,GA04
TOC,KTOC
\N,EGHA
PLV,UKHP
\N,HSAW
WUU,HSWW
HUE,HAHU
OYL,HKMY
\N,GMAZ
WYE,GFYE
GBK,GFGK
\N,UOTT
\N,UNIP
AFW,KAFW
57C,K57C
\N,UNLL
\N,OKAS
RMK,YREN
LGH,YLEC
\N,YWBR
\N,YCUN
RTS,YRTI
\N,YFRT
\N,YBLT
KEW,CPV8
YSP,CYSP
YHF,CYHF
YHN,CYHN
YKX,CYKX
YMG,CYMG
YXZ,CYXZ
YEM,CYEM
\N,CKD9
\N,CNY3
YFD,CYFD
LWC,KLWC
EGT,KEGT
PMP,KPMP
XMC,YMCO
EET,KEET
YUE,YYND
\N,18AZ
LOP,WADL
\N,CAV3
ZML,CZML
\N,EGEG
\N,YYRM
HDG,ZBHD
UMP,KUMP
LOZ,KLOZ
FBG,KFBG
WMI,EPMO
JXA,ZYJX
\N,RKPD
YGM,CYGM
\N,CJT2
\N,UNIT
EYK,USHY
RAC,KRAC
RZP,RPSD
\N,EDAJ
\N,XLLN
\N,EHTL
REI,KREI
RIR,KRIR
TIW,KTIW
\N,EDLO
JKA,KJKA
\N,SEII
\N,LSXB
\N,LOGG
HMJ,UKLH
HIW,RJBH
\N,YYTA
HZL,KHZL
CBE,KCBE
\N,7FA1
\N,YWYM
YBO,CBW4
KLF,UUBC
LNR,KLNR
\N,KPBH
\N,KEFT
JOT,KJOT
VYS,KVYS
JXN,KJXN
\N,EDAL
\N,EDAV
\N,KVVS
\N,KHMZ
BBX,KLOM
OBE,KOBE
SEF,KSEF
AVO,KAVO
GIF,KGIF
ZPH,KZPH
OCF,KOCF
JES,KJES
52A,K52A
CCO,KCCO
HQU,KHQU
AIK,KAIK
CDN,KCDN
LBT,KLBT
SOP,KSOP
RCZ,KRCZ
DLL,KDLL
SVH,KSVH
BUU,KBUU
LHV,KLHV
\N,KPJC
LPR,KLPR
BKL,KBKL
DKK,KDKK
VAY,KVAY
LDJ,KLDJ
ANQ,KANQ
\N,KASW
VNW,KVNW
\N,KRMY
GVQ,KGVQ
CLW,KCLW
\N,FA08
CGX,KCGX
JZP,KJZP
\N,EDCS
CRE,KCRE
IGQ,KIGQ
RNM,KRNM
\N,LFGO
\N,LFGP
\N,LFEW
\N,LSPO
BXO,LSZC
\N,LSPM
\N,LSML
\N,LKRO
\N,LKUL
\N,LOSM
\N,LOKN
\N,EDTK
\N,EDGZ
\N,LFPE
\N,LFFH
OEB,KOEB
WBW,KWBW
LNN,KLNN
\N,RCGM
UMD,BGUM
RLK,ZBYZ
FFT,KFFT
LEW,KLEW
\N,EPIR
\N,EPPR
\N,KY72
MRK,KMKY
DRM,KDRM
GDW,KGDW
LWA,KLWA
MFI,KMFI
ISW,KISW
CWI,KCWI
BVY,KBVY
\N,VI73
\N,UUMO
YRQ,CYRQ
POF,KPOF
\N,KSMQ
EPM,KEPM
EOK,KEOK
PSL,EGPT
\N,EGCK
\N,EDLF
STP,KSTP
SOO,ESNY
\N,EINC
VNA,VLSV
\N,EDAI
\N,LEFM
\N,RJOE
\N,UHPK
\N,0WI8
\N,UHPO
DKS,UODD
\N,YBEE
BYT,EIBN
\N,FAAN
\N,FACO
ADY,FAAL
\N,FABR
\N,KHAO
\N,HKBU
\N,HKBR
\N,HKBA
\N,HKEM
\N,HKGT
GAS,HKGA
HOA,HKHO
\N,HKHB
\N,HKIS
KEY,HKKR
ILU,HKKL
ATJ,FMME
OVA,FMSL
\N,UUYX
RGK,UNBG
FLD,KFLD
PCZ,KPCZ
STE,KSTE
\N,UHMI
\N,UEMA
ERY,KERY
PEF,EDCP
\N,EPGO
\N,WI1A
GQQ,KGQQ
TPN,SETI
PTZ,SESM
CKV,KCKV
LPC,KLPC
CTH,KMQS
BST,OABT
LLK,UBBL
GBB,UBBQ
ZTU,UBBY
LKP,KLKP
\N,UEMM
DEE,YXCM
AOH,KAOH
DSO,ZKSD
SSI,KSSI
BFP,KBVI
GGE,KGGE
HDI,KHDI
RNT,KRNT
POC,KPOC
CTY,KCTY
CEU,KCEU
BEC,KBEC
PDG,WIMG
\N,KCZL
\N,KAJR
GTU,KGTU
\N,NY94
QFO,EGSU
SNY,KSNY
GKL,YGKL
RPB,YRRB
\N,YMRT
IFL,YIFL
\N,PHJR
BIN,OABN
MOO,YOOM
ECA,K6D9
\N,KMDQ
JYO,KJYO
\N,KANE
\N,SCIR
VAM,VRMV
LLF,ZGLG
LSZ,LDLO
ONS,YOLW
TDR,YTDR
SDC,KSDC
\N,EGTF
WBU,KBDU
\N,EDAN
\N,EBTN
\N,EDUW
\N,EDTG
BBJ,EDRB
PAO,KPAO
\N,UEMT
\N,LKVM
\N,EBSP
FFZ,KFFZ
P08,KP08
P52,KP52
\N,EBNM
\N,EBZH
A39,KA39
E25,KE25
YTY,ZSYA
PTK,KPTK
KSI,GUKU
EEN,KEEN
\N,MUKW
GKK,VRMO
\N,07MT
RCS,EGTO
RHD,SANR
KMP,FYKT
IOW,KIOW
TLQ,ZWTP
\N,SNCL
MWM,KMWM
\N,OG39
\N,ULPW
ANP,KANP
FXO,FQCB
ODO,UIKB
ZTR,UKKV
\N,EYVP
HRI,VCRI
PEQ,KPEQ
HBG,KHBG
QCJ,SDBK
\N,SBAN
QSC,SDSC
YKN,KYKN
XSB,OMBY
ZBM,CZBM
\N,EGSM
KTI,VDKT
\N,SCCL
\N,SCPE
\N,SLCC
GYU,ZLGY
\N,EGDA
CNI,ZYCH
KRH,EGKR
CCL,YCCA
HWD,KHWD
MZP,NZMK
JHQ,YSHR
ARB,KARB
SHT,YSHT
TEM,YTEM
GAH,YGAY
WIO,YWCA
\N,YIVO
\N,YMED
\N,YPCE
\N,YTLP
\N,LSGR
BFJ,ZUBJ
ULK,UERL
\N,UHWK
GNY,LTCS
KZR,LTBZ
VLU,ULOL
\N,UNNE
\N,UNKI
BEO,YPEC
4A7,K4A7
BMP,YBPI
\N,EKEL
\N,LOIJ
\N,EDPW
YCN,CYCN
BJP,SBBP
BQB,YBLN
SEK,UESK
\N,SLCR
IVR,YIVL
GLI,YGLI
\N,EDQF
IMM,KIMM
\N,WA44
\N,66CA
YIC,ZSYC
PTB,KPTB
KGN,FZOK
\N,NZPG
\N,LKKT
SBM,KSBM
KFE,YFDF
\N,VNKL
BJU,VNBR
\N,UIAR
\N,EKHG
\N,EDNX
MZJ,KMZJ
GEU,KGEU
SAD,KSAD
\N,EDWV
\N,EDNM
KJP,ROKR
\N,SDAI
\N,UASB
\N,UWOD
\N,UWOH
SIK,KSIK
TTI,NTTE
GFL,KGFL
5B2,K5B2
CGC,KCGC
MTN,KMTN
LHM,KLHM
FZI,KFZI
IZG,KIZG
\N,FA54
NEW,KNEW
COE,KCOE
BMT,KBMT
DNV,KDNV
COJ,YCBB
TIX,KTIX
\N,FVBM
\N,YWVA
\N,GMFB
NYE,HKNI
AAP,KAAP
FCM,KFCM
LIX,FWLK
OJC,KOJC
GIU,VCCS
EUM,EDHN
TKT,VTPT
YLK,CYLS
YEE,CYEE
NU8,CNU8
ND4,CND4
NF4,CNF4
YCM,CYSN
\N,CNV8
\N,CNJ4
\N,CLA4
YPD,CNK4
\N,CYHS
OQN,KOQN
MNZ,KHEF
\N,KLBX
\N,LKBU
\N,ENRK
KFS,LTAL
\N,EGTR
\N,EGCF
\N,HSTR
2H0,K2H0
GXH,ZLXH
\N,ESSZ
CIY,LICB
\N,WA77
KVM,UHMO
\N,UHMS
ZKP,UESU
\N,UHMH
UMS,UEMU
ADH,UEEA
\N,UEMO
\N,UERT
\N,EDHP
NLT,ZWNL
BOR,LFSQ
FDW,KFDW
OBC,HDOB
TDJ,HDTJ
AQB,MGQC
NOR,BINF
BTZ,LTBE
DAW,KDAW
WAR,WAJR
EWK,KEWK
\N,LFFQ
BSJ,YBNS
TZR,LHTA
FBR,KFBR
S40,KS40
CLS,KCLS
M94,KM94
EVW,KEVW
K83,KK83
LRO,KLRO
\N,KACJ
EUF,KEUF
6J4,K6J4
MEO,KMQI
AUO,KAUO
CZG,KCZG
EKY,KEKY
A50,KA50
MIC,KMIC
23M,K23M
DBN,KDBN
PUK,NTGQ
\N,HUKB
\N,MRGT
\N,SVSJ
CVO,KCVO
\N,LRTZ
\N,SCRT
\N,MRST
\N,SDNS
\N,SNKV
PXH,YPMH
CWT,YCWR
\N,YCOY
OGD,KOGD
W63,KW63
RKR,KRKR
AKO,KAKO
SHN,KSHN
WNA,PANA
PKA,PAPK
\N,PATJ
YBW,CAB3
\N,EGHP
2A5,K2A5
WKR,MYAW
\N,MYEB
GFO,SYBT
DYL,KDYL
TGI,SPGM
TJL,SSTL
OAL,SSKW
OCW,KOCW
7W6,K7W6
MHC,SCPQ
\N,KSWO
\N,KOKM
\N,KCUH
\N,KCSM
\N,KWLD
\N,KPWA
\N,KDTN
\N,KSEP
\N,KF22
\N,KMNZ
\N,KADH
\N,KHQZ
\N,KDTO
\N,KEDC
\N,KRYW
\N,K11R
\N,K3R9
\N,K2F0
\N,K1T7
YEL,CYEL
UKF,KUKF
JZI,KJZI
DAN,KDAN
0V4,K0V4
ERG,UIKE
CQW,KCQW
\N,KCHN
\N,YLIL
BEM,GMMD
NKT,LTCV
SUY,UENS
OUZ,GQPZ
\N,DNAS
QUO,DNAI
KAA,FLKS
MBI,HTMB
\N,HTMP
SGX,HTSO
\N,HTMG
AOG,ZYAS
ZYI,ZUZY
HYW,KHYW
LDS,ZYLD
AVA,ZUAS
KSS,GASK
WTB,YBWW
TNH,ZYTN
SZV,ZSSZ
\N,EGCB
\N,EGCV
\N,EGBM
\N,EGNU
\N,EGCJ
\N,WAOM
LII,WAJM
NTI,WASB
WSR,WASW
DTB,WIMN
SSV,WITG
MEQ,WITC
BUW,WAWB
KAZ,WAMK
MNA,WAMN
SGQ,WRLA
\N,WIPI
\N,WAWH
\N,WABL
OKL,WAJO
KOX,WABN
CMQ,YCMT
WMB,YWBL
RCM,YRMD
DCN,YCIN
KNO,WIMM
\N,KAMN
HBI,KHBI
\N,RKTP
\N,KACZ
EMV,KEMV
EMT,KEMT
FAH,OAFR
IXT,VEPG
I16,KI16
KRQ,UKCK
\N,ENKA
\N,LFQO
\N,GUKR
SSF,KSSF
JSV,KJSV
JAS,KJAS
87K,K87K
MRF,KMRF
E38,KE38
BQE,GGBU
CZA,MMCT
BUY,YBUN
CCB,KCCB
IOB,KIOB
EKI,KEKM
C03,KC03
CUB,KCUB
GMJ,KGMJ
MPR,KMPR
GYH,KGYH
PXE,KPXE
HVS,KHVS
IGX,KIGX
SZT,MMSC
DU9,CDU9
SUT,KSUT
FCI,KFCI
\N,YATN
\N,UIUB
\N,MPRH
HNZ,KHNZ
LEE,KLEE
\N,UUBL
\N,FATW
\N,FVMN
PPY,SNZA
DIQ,SNDV
\N,URKE
ERD,UKDB
ERL,ZBER
\N,EGBS
CNO,KCNO
\N,RJDK
\N,RJDO
\N,RJTF
HTR,RORH
UYF,KUYF
BWW,MUBR
\N,CDG2
\N,LSZW
\N,UHML
PRB,KPRB
\N,RKDU
\N,EFKY
HAF,KHAF
HCJ,ZGHC
\N,YKDI
WJF,KWJF
CJF,YCWA
GUZ,SNGA
UBT,SDUB
\N,ORTL
\N,LPOT
BOX,YBRL
\N,EDNF
\N,EGAD
\N,EGKH
\N,EGLG
\N,EGMT
\N,EGSG
\N,VOBG
\N,EGHR
\N,NZOA
\N,NZHT
\N,EDKM
\N,SDHU
FYJ,ZYFY
\N,EKSY
\N,EKSR
\N,EKFA
TDF,KTDF
PZL,FADQ
KJH,ZUKJ
HPG,ZHSN
YIE,ZBES
HNY,ZGHY
WOS,ZKWS
\N,UGMS
IGT,URMS
ASN,KASN
GMU,KGMU
MKT,KMKT
NGD,TUPA
TOI,KTOI
SCD,KSCD
EDN,KEDN
\N,KRYN
ALX,KALX
PKT,YPKT
GPN,YGPT
\N,EDHS
\N,KMMK
\N,YFLS
\N,LSZO
\N,LFTN
HZP,CYNR
\N,CEW9
\N,UIAE
\N,KRJD
UWL,KUWL
TQK,KTQK
HDE,KHDE
PTT,KPTT
\N,UAON
AHQ,KAHQ
LXN,KLXN
19S,K19S
CBF,KCBF
OKK,KOKK
2K7,K2K7
\N,AK59
EHA,KEHA
FTG,KFTG
GBG,KGBG
GUY,KGUY
MEJ,KMEJ
\N,MO00
ULS,KULS
\N,CO00
IDP,KIDP
3AU,K3AU
LQR,KLQR
LZZ,KLZZ
BYY,KBYY
PRX,KPRX
CFV,KCFV
\N,24SC
GXY,KGXY
\N,KM01
OEL,UUOR
FET,KFET
LGD,KLGD
SZY,EPSY
MPO,KMPO
UKT,KUKT
YBA,CYBA
BNG,KBNG
\N,EDFL
\N,LHTL
OFK,KOFK
\N,HUKO
\N,HUKJ
AWO,KAWO
\N,SNZR
\N,SNKF
\N,SNAP
TFL,SNTO
\N,SNBM
TPF,KTPF
\N,LFYL
\N,SDTK
BZC,SBBZ
\N,SDAG
ITP,SDUN
\N,SDMC
\N,SDRS
\N,SDSK
\N,CEG4
\N,FZWE
KBN,FZWT
IKL,FZGV
AIR,SWRP
JRN,SWJU
JIA,SWJN
VLP,SWVC
JUA,SIZX
CCX,SWKC
\N,SWPL
\N,SWTS
\N,SWEK
\N,SWVB
BMB,FZFU
QBX,SNOB
APQ,SNAL
FLB,SNQG
PCS,SNPC
BNC,FZNP
BNB,FZGN
MTP,KMTP
VPZ,KVPZ
DRV,VRMD
SXK,WAPI
MLZ,SUMO
PDU,SUPU
ATI,SUAG
\N,YMBD
HSM,YHSM
SWH,YSWH
TTL,NFUL
KWB,WARU
KOO,FZRQ
AOU,VLAP
\N,FZCF
N/A,SVFM
SQX,SSOE
LDM,KLDM
RHV,KRHV
OHS,OOSH
RZS,OPSW
\N,VNTH
TMF,VRNT
IFU,VREI
KIE,AYKT
YKO,LTCW
\N,EPJG
BUT,VQBT
TLI,WAMI
\N,UUYK
\N,USPT
\N,SCSS
\N,SAWL
TQL,USDS
\N,KCMA
\N,EBLE
\N,MNLP
BPL,ZWAX
ACS,UNKS
\N,CEC4
WVI,KWVI
GLU,VQGP
JGG,KJGG
DLK,YDLK
\N,YWMC
\N,CJM9
\N,RPVZ
KM8,CKM8
XTO,YTAM
\N,EDFG
\N,EKAE
\N,EDFT
\N,EDFC
YSE,CYSE
\N,EDFB
\N,EDFN
\N,EDHU
\N,EDXU
\N,LDPV
MRT,KMRT
YAH,CYAH
YAL,CYAL
,CYAU
YBU,CYBU
YCE,CYCE
YCP,CYCP
YCQ,CYCQ
XRR,CYDM
YDO,CYDO
YEY,CYEY
YGD,CYGD
YHE,CYHE
YHT,CYHT
YDG,CYID
YJF,CYJF
YKJ,CYKJ
YLR,CYLR
YME,CYME
YML,CYML
\N,CYNN
YOS,CYOS
YPS,CYPD
YQS,CYQS
YRO,CYRO
YRP,CYRP
YSH,CYSH
YSL,CYSL
YVD,CYVD
YVE,CYVK
YXQ,CYXQ
YSN,CZAM
KES,CZEE
XPK,CZFG
ZGF,CZGF
ZJG,CZJG
YTD,CZLQ
PIW,CZMN
XPP,CZNG
WPC,CZPC
ZST,CZST
ZUC,CZUC
FNB,EDBN
\N,EDQA
\N,EDUZ
\N,EGOM
FSS,EGQK
BXP,EPBP
\N,EPCE
\N,EPDE
\N,EPLY
\N,EPMM
\N,EPPW
\N,EPTM
\N,ESKX
\N,ESTL
DGP,EVDA
\N,EVKA
\N,EVTA
\N,EYKD
LMR,FALC
SXN,FBSN
\N,FLLC
NDD,FNSU
MAI,FWMG
ADI,FYAR
\N,FYML
\N,HEAZ
\N,HEBS
\N,HEGS
MWE,HSMN
ALN,KALN
AXN,KAXN
CLU,KBAK
BBD,KBBD
BIH,KBIH
BKE,KBKE
BPI,KBPI
WMH,KBPK
BTL,KBTL
BYI,KBYI
CCY,KCCY
CNU,KCNU
CRG,KCRG
CSV,KCSV
DAA,KDAA
DAG,KDAG
DMN,KDMN
DRA,KDRA
EED,KEED
EGI,KEGI
EKA,KEKA
HYI,KHYI
HYR,KHYR
JCT,KJCT
LLQ,KLLQ
LOL,KLOL
MBG,KMBG
MCB,KMCB
MDH,KMDH
MMT,KMMT
NHZ,KNHZ
NRB,KNRB
OGB,KOGB
OLU,KOLU
OTM,KOTM
OZR,KOZR
PWY,KPNA
POU,KPOU
RNH,KRNH
RSL,KRSL
RWF,KRWF
SNS,KSNS
SOA,KSOA
SUZ,KSUZ
TPH,KTPH
UAO,KUAO
UKI,KUKI
UOX,KUOX
HTV,KUTS
VTN,KVTN
WMC,KWMC
WWR,KWWR
XMR,KXMR
\N,KXTA
ZZV,KZZV
\N,LAGJ
\N,LAKU
\N,LAKV
\N,LAVL
\N,LBHS
\N,LBMG
\N,LBPG
\N,LBPL
\N,LBWB
ECV,LECU
CDT,LEDS
TEV,LETL
\N,LFOQ
TN0,LIDT
\N,LILA
\N,LILE
\N,LILI
\N,LILM
\N,LILN
\N,LIMR
QLP,LIQW
\N,LRCT
\N,LUBM
\N,LUCH
\N,LUTR
BJY,LYBT
RUV,MGRB
XPL,MHSC
UPL,MRUP
QSN,MUNB
SNJ,MUSJ
\N,OEDM
KMX,OEKM
XXN,OERY
KNR,OIBJ
\N,OIHS
PYK,OIIP
XIJ,OKAJ
\N,OLRA
MPD,OPMK
ATG,OPMS
\N,OPRQ
\N,OPSF
SGI,OPSR
RQW,ORQW
\N,ORSH
\N,ORTF
\N,ORTI
\N,ORUB
ENN,PANN
WWA,PAWS
\N,RCAY
\N,RJCA
QUT,RJTU
\N,RKTI
IEJ,RORE
AAV,RPMA
BPH,RPMF
MXI,RPMQ
VMR,SAOV
BAT,SBBT
QHP,SBTA
TOQ,SCBE
LGR,SCHR
CNR,SCRA
TLX,SCTL
ZIC,SCTO
TTC,SCTT
API,SKAP
CVE,SKCV
PAL,SKPQ
PZA,SKPZ
\N,SKTJ
TQS,SKTQ
MQZ,SKUA
RIJ,SPJA
JAE,SPJE
\N,SVMP
IKU,UAFL
\N,UAFW
\N,UASA
\N,UATR
\N,UENK
VYI,UENW
\N,UESG
\N,UGEJ
\N,UHKG
GVN,UHKM
\N,UHMF
\N,UHMG
\N,UHMK
\N,UHMT
NLI,UHNN
\N,UHPL
\N,UIBV
\N,UKFG
\N,UKFI
\N,UKFY
\N,UKKO
\N,ULAK
\N,ULLP
\N,ULLS
\N,ULNR
\N,ULPP
\N,UMMA
\N,UMNB
\N,UNIS
\N,UNKO
\N,UNOS
\N,UODN
\N,UOIG
\N,UOOW
\N,URKH
\N,UROD
VLK,URRY
\N,UTTP
\N,UUBM
\N,UUMT
\N,UUWE
INA,UUYI
\N,UUYV
\N,UWKG
ZIX,UWKV
\N,UWUM
\N,UWWB
\N,UWWG
RTC,VARG
HIM,VCCH
RDP,VEDG
PUT,VOPN
\N,VYML
\N,WSAC
\N,XLLL
\N,XLMV
\N,XLWF
\N,XRWL
\N,XUBS
\N,XWPR
ABH,YAPH
ARY,YARA
BLN,YBLA
BZD,YBRN
BWQ,YBRW
CVC,YCEE
CWW,YCOR
CYG,YCRG
CMD,YCTM
DRN,YDBI
DNQ,YDLQ
DYA,YDYS
ECH,YECH
FRB,YFBS
GUH,YGDH
HXX,YHAY
HTU,YHPN
KRA,YKER
KPS,YKMP
KGY,YKRY
TGN,YLTV
MRG,YMBA
RPM,YNGU
QRM,YNRM
PPI,YPIR
SIO,YSMI
SNB,YSNB
SWC,YSWL
TYB,YTIB
TUM,YTMU
WGT,YWGT
WKB,YWKB
QRR,YWRN
SXE,YWSL
WWY,YWWL
NGA,YYNG
LHK,ZHGH
WDS,ZHSY
\N,ZKSC
HTT,ZLHX
UUN,ZMBU
BFU,ZSBB
RUG,ZSRG
WHU,ZSWU
SXJ,ZWSS
YKH,ZYYK
\N,ZYYY
